case,scale,pair,variant,kernel_ns,wall_ns,result
iops,2000,0,interpreter,25246391,119132242,2000
iops,2000,0,release,18369624,102794318,2000
iops,2000,0,native,193259,8742584,2000
iops,2000,0,python,94309,26757155,2000
iops,2000,1,python,93862,25700846,2000
iops,2000,1,native,197719,8099762,2000
iops,2000,1,release,18240750,105368770,2000
iops,2000,1,interpreter,24017780,118340369,2000
iops,2000,2,interpreter,27226232,123113515,2000
iops,2000,2,release,17378166,107244429,2000
iops,2000,2,native,194705,8907963,2000
iops,2000,2,python,102090,26730163,2000
iops,2000,3,python,94267,26229511,2000
iops,2000,3,native,184515,8492302,2000
iops,2000,3,release,19155453,105476398,2000
iops,2000,3,interpreter,25361682,120560848,2000
iops,2000,4,interpreter,25663967,120311387,2000
iops,2000,4,release,16552143,101967898,2000
iops,2000,4,native,190190,8701964,2000
iops,2000,4,python,94152,26374053,2000
iops,2000,5,python,99629,25537707,2000
iops,2000,5,native,193974,8224139,2000
iops,2000,5,release,18231715,105581210,2000
iops,2000,5,interpreter,24953407,117563983,2000
iops,2000,6,interpreter,25910383,121704461,2000
iops,2000,6,release,17197462,101839282,2000
iops,2000,6,native,187870,9073479,2000
iops,2000,6,python,94965,26535564,2000
iops,2000,7,python,96505,25351015,2000
iops,2000,7,native,190446,8164496,2000
iops,2000,7,release,17972874,103481104,2000
iops,2000,7,interpreter,24712147,118176590,2000
iops,2000,8,interpreter,25489354,118078908,2000
iops,2000,8,release,16466125,102715280,2000
iops,2000,8,native,194005,8518310,2000
iops,2000,8,python,93896,26686608,2000
iops,200000,0,interpreter,2290596472,2380633359,200000
iops,200000,0,release,1609620149,1695161550,200000
iops,200000,0,native,17049943,26409666,200000
iops,200000,0,python,9063949,35493751,200000
iops,200000,1,python,8773942,34223908,200000
iops,200000,1,native,16994466,25209529,200000
iops,200000,1,release,1624106862,1708308764,200000
iops,200000,1,interpreter,2386238524,2474581740,200000
iops,200000,2,interpreter,2302975946,2392638646,200000
iops,200000,2,release,1640545872,1725362754,200000
iops,200000,2,native,17437164,26805601,200000
iops,200000,2,python,9081180,35274162,200000
iops,200000,3,python,9334939,34749662,200000
iops,200000,3,native,18330983,26736270,200000
iops,200000,3,release,1592286917,1672406881,200000
iops,200000,3,interpreter,2284104131,2374236843,200000
iops,200000,4,interpreter,2366271411,2457936614,200000
iops,200000,4,release,1623716852,1709720381,200000
iops,200000,4,native,17537582,27075511,200000
iops,200000,4,python,8904889,35303734,200000
iops,200000,5,python,9058167,35394536,200000
iops,200000,5,native,18742279,27256127,200000
iops,200000,5,release,1620768890,1708196462,200000
iops,200000,5,interpreter,2278546416,2371906164,200000
iops,200000,6,interpreter,2304987473,2393427349,200000
iops,200000,6,release,1655316715,1738893886,200000
iops,200000,6,native,16573320,26090101,200000
iops,200000,6,python,9165191,35732857,200000
iops,200000,7,python,8299186,33248251,200000
iops,200000,7,native,16660364,24974394,200000
iops,200000,7,release,1619518077,1697281849,200000
iops,200000,7,interpreter,2272301795,2365706400,200000
iops,200000,8,interpreter,2286023281,2375075043,200000
iops,200000,8,release,1635553458,1717468548,200000
iops,200000,8,native,17904938,26746397,200000
iops,200000,8,python,8245791,34062469,200000
fib,10,0,interpreter,33584633,125126388,55
fib,10,0,release,29573807,115897294,55
fib,10,0,native,39046,9076484,55
fib,10,0,python,19953,26735040,55
fib,10,1,python,18214,25644710,55
fib,10,1,native,36224,8279775,55
fib,10,1,release,30512108,112351648,55
fib,10,1,interpreter,38637626,127846141,55
fib,10,2,interpreter,34718549,128680245,55
fib,10,2,release,29616542,113682747,55
fib,10,2,native,37510,9668368,55
fib,10,2,python,19163,27116241,55
fib,10,3,python,19413,25525680,55
fib,10,3,native,36603,7816574,55
fib,10,3,release,28952093,112237408,55
fib,10,3,interpreter,36075978,135221471,55
fib,10,4,interpreter,34798387,131051424,55
fib,10,4,release,29096535,112201942,55
fib,10,4,native,39727,8541323,55
fib,10,4,python,19269,26694713,55
fib,10,5,python,18593,25824096,55
fib,10,5,native,37299,8480517,55
fib,10,5,release,28976083,115497012,55
fib,10,5,interpreter,34910716,131572916,55
fib,10,6,interpreter,35968667,125886652,55
fib,10,6,release,29551701,115578710,55
fib,10,6,native,38614,8436928,55
fib,10,6,python,19407,26751616,55
fib,10,7,python,18499,25606618,55
fib,10,7,native,35507,8533193,55
fib,10,7,release,30362216,114002806,55
fib,10,7,interpreter,34860448,131082123,55
fib,10,8,interpreter,36617355,130209939,55
fib,10,8,release,28183477,112371821,55
fib,10,8,native,33856,8876459,55
fib,10,8,python,18946,26491131,55
fib,18,0,interpreter,1723183986,1813176855,2584
fib,18,0,release,1392759088,1480673438,2584
fib,18,0,native,1461286,11293446,2584
fib,18,0,python,506706,27206739,2584
fib,18,1,python,540518,26052976,2584
fib,18,1,native,1414205,9406715,2584
fib,18,1,release,1395259406,1479140650,2584
fib,18,1,interpreter,1656403564,1750658877,2584
fib,18,2,interpreter,1700963500,1799143289,2584
fib,18,2,release,1397709583,1479380720,2584
fib,18,2,native,1434463,11013222,2584
fib,18,2,python,549781,27337281,2584
fib,18,3,python,522603,26456617,2584
fib,18,3,native,1461552,10022218,2584
fib,18,3,release,1388063830,1470812179,2584
fib,18,3,interpreter,1641549530,1733782573,2584
fib,18,4,interpreter,1656340509,1748925532,2584
fib,18,4,release,1369937240,1452998696,2584
fib,18,4,native,1427837,10480737,2584
fib,18,4,python,507571,27325432,2584
fib,18,5,python,512588,26502795,2584
fib,18,5,native,1420688,10437612,2584
fib,18,5,release,1402955139,1493209326,2584
fib,18,5,interpreter,1690655085,1787373272,2584
fib,18,6,interpreter,1670237912,1764613817,2584
fib,18,6,release,1358939526,1442579108,2584
fib,18,6,native,1277590,10987715,2584
fib,18,6,python,535738,27610133,2584
fib,18,7,python,495947,26189386,2584
fib,18,7,native,1384376,9962426,2584
fib,18,7,release,1364065126,1445278371,2584
fib,18,7,interpreter,1690095766,1779172844,2584
fib,18,8,interpreter,1705479087,1796662692,2584
fib,18,8,release,1399299776,1484584535,2584
fib,18,8,native,1418285,10300441,2584
fib,18,8,python,519151,26934700,2584
nqueens,6,0,interpreter,96344333,187478570,4
nqueens,6,0,release,76935338,166293053,4
nqueens,6,0,native,115936,9661290,4
nqueens,6,0,python,80177,26979947,4
nqueens,6,1,python,79426,25782102,4
nqueens,6,1,native,117273,7933350,4
nqueens,6,1,release,77563669,162366254,4
nqueens,6,1,interpreter,91880327,182779168,4
nqueens,6,2,interpreter,89853661,181801404,4
nqueens,6,2,release,78118074,160795840,4
nqueens,6,2,native,119775,8798822,4
nqueens,6,2,python,77958,27102565,4
nqueens,6,3,python,88324,26058024,4
nqueens,6,3,native,120350,8176232,4
nqueens,6,3,release,79855636,165981139,4
nqueens,6,3,interpreter,91512811,187530135,4
nqueens,6,4,interpreter,91250420,180462010,4
nqueens,6,4,release,74822768,158594131,4
nqueens,6,4,native,121292,8796413,4
nqueens,6,4,python,78677,26800594,4
nqueens,6,5,python,85127,25763189,4
nqueens,6,5,native,121940,8324578,4
nqueens,6,5,release,77271354,160935326,4
nqueens,6,5,interpreter,89581929,180406718,4
nqueens,6,6,interpreter,92523601,187448791,4
nqueens,6,6,release,78733228,161669139,4
nqueens,6,6,native,116265,9045887,4
nqueens,6,6,python,85041,26990946,4
nqueens,6,7,python,82830,25809010,4
nqueens,6,7,native,116507,8176012,4
nqueens,6,7,release,76289886,161903685,4
nqueens,6,7,interpreter,89024987,177887767,4
nqueens,6,8,interpreter,87825474,178470567,4
nqueens,6,8,release,79654069,162865950,4
nqueens,6,8,native,111828,8197935,4
nqueens,6,8,python,79364,26370462,4
nqueens,8,0,interpreter,1178634068,1272462059,92
nqueens,8,0,release,984951495,1069301183,92
nqueens,8,0,native,1458144,10228027,92
nqueens,8,0,python,818993,27582786,92
nqueens,8,1,python,857947,26427969,92
nqueens,8,1,native,1488441,9706966,92
nqueens,8,1,release,1000559967,1087186904,92
nqueens,8,1,interpreter,1182883680,1277526558,92
nqueens,8,2,interpreter,1181810876,1272941031,92
nqueens,8,2,release,986543034,1073764909,92
nqueens,8,2,native,1401917,10113208,92
nqueens,8,2,python,796319,27916410,92
nqueens,8,3,python,776700,26241314,92
nqueens,8,3,native,1504573,9489306,92
nqueens,8,3,release,989394443,1072763745,92
nqueens,8,3,interpreter,1182105968,1275306189,92
nqueens,8,4,interpreter,1186498191,1278359744,92
nqueens,8,4,release,981330680,1065842334,92
nqueens,8,4,native,1490697,10756253,92
nqueens,8,4,python,823048,27685132,92
nqueens,8,5,python,791816,26339229,92
nqueens,8,5,native,1532762,10032570,92
nqueens,8,5,release,992892507,1076427984,92
nqueens,8,5,interpreter,1180732800,1273880073,92
nqueens,8,6,interpreter,1210960445,1303915645,92
nqueens,8,6,release,978098231,1061115737,92
nqueens,8,6,native,1541876,10734738,92
nqueens,8,6,python,789444,27361832,92
nqueens,8,7,python,802381,26710225,92
nqueens,8,7,native,1520615,9618934,92
nqueens,8,7,release,997359337,1080567018,92
nqueens,8,7,interpreter,1181759677,1279903848,92
nqueens,8,8,interpreter,1190068601,1280690988,92
nqueens,8,8,release,996972330,1082763160,92
nqueens,8,8,native,1507060,11327921,92
nqueens,8,8,python,735574,27366575,92
