case,scale,pair,variant,kernel_ns,wall_ns,result,state_sha256
iops,500,0,lookup-all,1748212,9823359,500,a64b7b46c7ec5825e7f128012d165feb244bb645a4df555e953f93ffeb8f7bb7
iops,500,0,lookup-pc,436503,8884279,500,a64b7b46c7ec5825e7f128012d165feb244bb645a4df555e953f93ffeb8f7bb7
iops,500,0,cached,51532,7904335,500,a64b7b46c7ec5825e7f128012d165feb244bb645a4df555e953f93ffeb8f7bb7
iops,500,0,python,25661,26130792,500,
iops,500,1,python,25314,26093768,500,
iops,500,1,cached,52009,8448192,500,a64b7b46c7ec5825e7f128012d165feb244bb645a4df555e953f93ffeb8f7bb7
iops,500,1,lookup-pc,433458,8935463,500,a64b7b46c7ec5825e7f128012d165feb244bb645a4df555e953f93ffeb8f7bb7
iops,500,1,lookup-all,1751789,9778197,500,a64b7b46c7ec5825e7f128012d165feb244bb645a4df555e953f93ffeb8f7bb7
iops,500,2,lookup-all,1792885,10106376,500,a64b7b46c7ec5825e7f128012d165feb244bb645a4df555e953f93ffeb8f7bb7
iops,500,2,lookup-pc,429456,8406043,500,a64b7b46c7ec5825e7f128012d165feb244bb645a4df555e953f93ffeb8f7bb7
iops,500,2,cached,50340,8471712,500,a64b7b46c7ec5825e7f128012d165feb244bb645a4df555e953f93ffeb8f7bb7
iops,500,2,python,25847,26363244,500,
iops,500,3,python,25429,25786061,500,
iops,500,3,cached,46132,8312477,500,a64b7b46c7ec5825e7f128012d165feb244bb645a4df555e953f93ffeb8f7bb7
iops,500,3,lookup-pc,450295,8432449,500,a64b7b46c7ec5825e7f128012d165feb244bb645a4df555e953f93ffeb8f7bb7
iops,500,3,lookup-all,1755451,9844590,500,a64b7b46c7ec5825e7f128012d165feb244bb645a4df555e953f93ffeb8f7bb7
iops,500,4,lookup-all,1819578,9902398,500,a64b7b46c7ec5825e7f128012d165feb244bb645a4df555e953f93ffeb8f7bb7
iops,500,4,lookup-pc,437168,8812791,500,a64b7b46c7ec5825e7f128012d165feb244bb645a4df555e953f93ffeb8f7bb7
iops,500,4,cached,51811,8125667,500,a64b7b46c7ec5825e7f128012d165feb244bb645a4df555e953f93ffeb8f7bb7
iops,500,4,python,26263,26255006,500,
iops,500,5,python,26183,25666887,500,
iops,500,5,cached,51692,8208331,500,a64b7b46c7ec5825e7f128012d165feb244bb645a4df555e953f93ffeb8f7bb7
iops,500,5,lookup-pc,446729,8964397,500,a64b7b46c7ec5825e7f128012d165feb244bb645a4df555e953f93ffeb8f7bb7
iops,500,5,lookup-all,1813363,10389813,500,a64b7b46c7ec5825e7f128012d165feb244bb645a4df555e953f93ffeb8f7bb7
iops,500,6,lookup-all,1759458,9699108,500,a64b7b46c7ec5825e7f128012d165feb244bb645a4df555e953f93ffeb8f7bb7
iops,500,6,lookup-pc,448563,8674337,500,a64b7b46c7ec5825e7f128012d165feb244bb645a4df555e953f93ffeb8f7bb7
iops,500,6,cached,52202,8041580,500,a64b7b46c7ec5825e7f128012d165feb244bb645a4df555e953f93ffeb8f7bb7
iops,500,6,python,26145,26210438,500,
iops,500,7,python,25932,25647221,500,
iops,500,7,cached,60451,8480736,500,a64b7b46c7ec5825e7f128012d165feb244bb645a4df555e953f93ffeb8f7bb7
iops,500,7,lookup-pc,467404,8411386,500,a64b7b46c7ec5825e7f128012d165feb244bb645a4df555e953f93ffeb8f7bb7
iops,500,7,lookup-all,1790664,9914475,500,a64b7b46c7ec5825e7f128012d165feb244bb645a4df555e953f93ffeb8f7bb7
iops,500,8,lookup-all,1762874,9824903,500,a64b7b46c7ec5825e7f128012d165feb244bb645a4df555e953f93ffeb8f7bb7
iops,500,8,lookup-pc,453753,8683657,500,a64b7b46c7ec5825e7f128012d165feb244bb645a4df555e953f93ffeb8f7bb7
iops,500,8,cached,50152,8171318,500,a64b7b46c7ec5825e7f128012d165feb244bb645a4df555e953f93ffeb8f7bb7
iops,500,8,python,25869,26869767,500,
iops,1000,0,lookup-all,3541470,11419189,1000,d57fe0c59c6a37b321006043ad7394308b730285e48264b53f5fa78731471d58
iops,1000,0,lookup-pc,878055,9102428,1000,d57fe0c59c6a37b321006043ad7394308b730285e48264b53f5fa78731471d58
iops,1000,0,cached,98441,8041402,1000,d57fe0c59c6a37b321006043ad7394308b730285e48264b53f5fa78731471d58
iops,1000,0,python,51643,26005417,1000,
iops,1000,1,python,48624,25377191,1000,
iops,1000,1,cached,171556,8686615,1000,d57fe0c59c6a37b321006043ad7394308b730285e48264b53f5fa78731471d58
iops,1000,1,lookup-pc,894002,9171431,1000,d57fe0c59c6a37b321006043ad7394308b730285e48264b53f5fa78731471d58
iops,1000,1,lookup-all,3588659,11835772,1000,d57fe0c59c6a37b321006043ad7394308b730285e48264b53f5fa78731471d58
iops,1000,2,lookup-all,3588364,11942235,1000,d57fe0c59c6a37b321006043ad7394308b730285e48264b53f5fa78731471d58
iops,1000,2,lookup-pc,871678,9342179,1000,d57fe0c59c6a37b321006043ad7394308b730285e48264b53f5fa78731471d58
iops,1000,2,cached,93793,8146226,1000,d57fe0c59c6a37b321006043ad7394308b730285e48264b53f5fa78731471d58
iops,1000,2,python,47508,25773331,1000,
iops,1000,3,python,41698,25050834,1000,
iops,1000,3,cached,91437,7883873,1000,d57fe0c59c6a37b321006043ad7394308b730285e48264b53f5fa78731471d58
iops,1000,3,lookup-pc,873043,8643269,1000,d57fe0c59c6a37b321006043ad7394308b730285e48264b53f5fa78731471d58
iops,1000,3,lookup-all,3627098,11760591,1000,d57fe0c59c6a37b321006043ad7394308b730285e48264b53f5fa78731471d58
iops,1000,4,lookup-all,3498932,11663736,1000,d57fe0c59c6a37b321006043ad7394308b730285e48264b53f5fa78731471d58
iops,1000,4,lookup-pc,887800,8721486,1000,d57fe0c59c6a37b321006043ad7394308b730285e48264b53f5fa78731471d58
iops,1000,4,cached,101917,8315001,1000,d57fe0c59c6a37b321006043ad7394308b730285e48264b53f5fa78731471d58
iops,1000,4,python,49165,26432960,1000,
iops,1000,5,python,51577,25825282,1000,
iops,1000,5,cached,99249,8865215,1000,d57fe0c59c6a37b321006043ad7394308b730285e48264b53f5fa78731471d58
iops,1000,5,lookup-pc,893398,8921947,1000,d57fe0c59c6a37b321006043ad7394308b730285e48264b53f5fa78731471d58
iops,1000,5,lookup-all,3615633,11695834,1000,d57fe0c59c6a37b321006043ad7394308b730285e48264b53f5fa78731471d58
iops,1000,6,lookup-all,3575807,11947352,1000,d57fe0c59c6a37b321006043ad7394308b730285e48264b53f5fa78731471d58
iops,1000,6,lookup-pc,924763,8896557,1000,d57fe0c59c6a37b321006043ad7394308b730285e48264b53f5fa78731471d58
iops,1000,6,cached,97556,8302684,1000,d57fe0c59c6a37b321006043ad7394308b730285e48264b53f5fa78731471d58
iops,1000,6,python,49187,26981058,1000,
iops,1000,7,python,48476,25255604,1000,
iops,1000,7,cached,85406,7999667,1000,d57fe0c59c6a37b321006043ad7394308b730285e48264b53f5fa78731471d58
iops,1000,7,lookup-pc,892030,8729442,1000,d57fe0c59c6a37b321006043ad7394308b730285e48264b53f5fa78731471d58
iops,1000,7,lookup-all,3584655,12045185,1000,d57fe0c59c6a37b321006043ad7394308b730285e48264b53f5fa78731471d58
iops,1000,8,lookup-all,3568782,11747720,1000,d57fe0c59c6a37b321006043ad7394308b730285e48264b53f5fa78731471d58
iops,1000,8,lookup-pc,877251,9195309,1000,d57fe0c59c6a37b321006043ad7394308b730285e48264b53f5fa78731471d58
iops,1000,8,cached,101067,8171802,1000,d57fe0c59c6a37b321006043ad7394308b730285e48264b53f5fa78731471d58
iops,1000,8,python,49078,26413363,1000,
iops,2000,0,lookup-all,7014868,15169462,2000,917c0d1d4b02ba1dbf674658c9805257f57d8aea1fe33b2621172d6b8cc4c4f2
iops,2000,0,lookup-pc,1756193,9398552,2000,917c0d1d4b02ba1dbf674658c9805257f57d8aea1fe33b2621172d6b8cc4c4f2
iops,2000,0,cached,191355,8127936,2000,917c0d1d4b02ba1dbf674658c9805257f57d8aea1fe33b2621172d6b8cc4c4f2
iops,2000,0,python,93993,26008075,2000,
iops,2000,1,python,96670,25509969,2000,
iops,2000,1,cached,186709,8611189,2000,917c0d1d4b02ba1dbf674658c9805257f57d8aea1fe33b2621172d6b8cc4c4f2
iops,2000,1,lookup-pc,1792854,9635138,2000,917c0d1d4b02ba1dbf674658c9805257f57d8aea1fe33b2621172d6b8cc4c4f2
iops,2000,1,lookup-all,6929659,14983578,2000,917c0d1d4b02ba1dbf674658c9805257f57d8aea1fe33b2621172d6b8cc4c4f2
iops,2000,2,lookup-all,7330653,15681916,2000,917c0d1d4b02ba1dbf674658c9805257f57d8aea1fe33b2621172d6b8cc4c4f2
iops,2000,2,lookup-pc,1775222,9886525,2000,917c0d1d4b02ba1dbf674658c9805257f57d8aea1fe33b2621172d6b8cc4c4f2
iops,2000,2,cached,197933,8264216,2000,917c0d1d4b02ba1dbf674658c9805257f57d8aea1fe33b2621172d6b8cc4c4f2
iops,2000,2,python,95043,26519999,2000,
iops,2000,3,python,97518,25572264,2000,
iops,2000,3,cached,182197,8280810,2000,917c0d1d4b02ba1dbf674658c9805257f57d8aea1fe33b2621172d6b8cc4c4f2
iops,2000,3,lookup-pc,1770699,10298839,2000,917c0d1d4b02ba1dbf674658c9805257f57d8aea1fe33b2621172d6b8cc4c4f2
iops,2000,3,lookup-all,7050267,15218795,2000,917c0d1d4b02ba1dbf674658c9805257f57d8aea1fe33b2621172d6b8cc4c4f2
iops,2000,4,lookup-all,6876832,15086529,2000,917c0d1d4b02ba1dbf674658c9805257f57d8aea1fe33b2621172d6b8cc4c4f2
iops,2000,4,lookup-pc,1672572,9739642,2000,917c0d1d4b02ba1dbf674658c9805257f57d8aea1fe33b2621172d6b8cc4c4f2
iops,2000,4,cached,201332,8224120,2000,917c0d1d4b02ba1dbf674658c9805257f57d8aea1fe33b2621172d6b8cc4c4f2
iops,2000,4,python,99592,26521547,2000,
iops,2000,5,python,94422,26335394,2000,
iops,2000,5,cached,189449,8619120,2000,917c0d1d4b02ba1dbf674658c9805257f57d8aea1fe33b2621172d6b8cc4c4f2
iops,2000,5,lookup-pc,1719267,10170064,2000,917c0d1d4b02ba1dbf674658c9805257f57d8aea1fe33b2621172d6b8cc4c4f2
iops,2000,5,lookup-all,7048936,15351220,2000,917c0d1d4b02ba1dbf674658c9805257f57d8aea1fe33b2621172d6b8cc4c4f2
iops,2000,6,lookup-all,7024242,15102231,2000,917c0d1d4b02ba1dbf674658c9805257f57d8aea1fe33b2621172d6b8cc4c4f2
iops,2000,6,lookup-pc,1757887,9471353,2000,917c0d1d4b02ba1dbf674658c9805257f57d8aea1fe33b2621172d6b8cc4c4f2
iops,2000,6,cached,194247,8419486,2000,917c0d1d4b02ba1dbf674658c9805257f57d8aea1fe33b2621172d6b8cc4c4f2
iops,2000,6,python,94719,26532612,2000,
iops,2000,7,python,94776,25820971,2000,
iops,2000,7,cached,195992,8159705,2000,917c0d1d4b02ba1dbf674658c9805257f57d8aea1fe33b2621172d6b8cc4c4f2
iops,2000,7,lookup-pc,1760701,9824236,2000,917c0d1d4b02ba1dbf674658c9805257f57d8aea1fe33b2621172d6b8cc4c4f2
iops,2000,7,lookup-all,7090155,15219701,2000,917c0d1d4b02ba1dbf674658c9805257f57d8aea1fe33b2621172d6b8cc4c4f2
iops,2000,8,lookup-all,7043003,15391219,2000,917c0d1d4b02ba1dbf674658c9805257f57d8aea1fe33b2621172d6b8cc4c4f2
iops,2000,8,lookup-pc,1630914,9754146,2000,917c0d1d4b02ba1dbf674658c9805257f57d8aea1fe33b2621172d6b8cc4c4f2
iops,2000,8,cached,194896,8377402,2000,917c0d1d4b02ba1dbf674658c9805257f57d8aea1fe33b2621172d6b8cc4c4f2
iops,2000,8,python,101293,26955480,2000,
iops,200000,0,lookup-all,636037135,644243457,200000,cc4caa306c90dca4ddc497d4e89f14c4f50241563a3cd2febd9695671e65422b
iops,200000,0,lookup-pc,153578674,162545973,200000,cc4caa306c90dca4ddc497d4e89f14c4f50241563a3cd2febd9695671e65422b
iops,200000,0,cached,17411858,26682471,200000,cc4caa306c90dca4ddc497d4e89f14c4f50241563a3cd2febd9695671e65422b
iops,200000,0,python,8761746,34476105,200000,
iops,200000,1,python,9147903,34884243,200000,
iops,200000,1,cached,18139040,26269040,200000,cc4caa306c90dca4ddc497d4e89f14c4f50241563a3cd2febd9695671e65422b
iops,200000,1,lookup-pc,156723349,165278378,200000,cc4caa306c90dca4ddc497d4e89f14c4f50241563a3cd2febd9695671e65422b
iops,200000,1,lookup-all,645865807,654234081,200000,cc4caa306c90dca4ddc497d4e89f14c4f50241563a3cd2febd9695671e65422b
iops,200000,2,lookup-all,609812994,619342614,200000,cc4caa306c90dca4ddc497d4e89f14c4f50241563a3cd2febd9695671e65422b
iops,200000,2,lookup-pc,158978981,169234982,200000,cc4caa306c90dca4ddc497d4e89f14c4f50241563a3cd2febd9695671e65422b
iops,200000,2,cached,17084753,25715290,200000,cc4caa306c90dca4ddc497d4e89f14c4f50241563a3cd2febd9695671e65422b
iops,200000,2,python,8903110,35413958,200000,
iops,200000,3,python,8271954,33014838,200000,
iops,200000,3,cached,17792989,25809961,200000,cc4caa306c90dca4ddc497d4e89f14c4f50241563a3cd2febd9695671e65422b
iops,200000,3,lookup-pc,154127127,162114892,200000,cc4caa306c90dca4ddc497d4e89f14c4f50241563a3cd2febd9695671e65422b
iops,200000,3,lookup-all,603699380,612065718,200000,cc4caa306c90dca4ddc497d4e89f14c4f50241563a3cd2febd9695671e65422b
iops,200000,4,lookup-all,613665869,622882066,200000,cc4caa306c90dca4ddc497d4e89f14c4f50241563a3cd2febd9695671e65422b
iops,200000,4,lookup-pc,155251884,164475357,200000,cc4caa306c90dca4ddc497d4e89f14c4f50241563a3cd2febd9695671e65422b
iops,200000,4,cached,17359240,25826768,200000,cc4caa306c90dca4ddc497d4e89f14c4f50241563a3cd2febd9695671e65422b
iops,200000,4,python,8579909,34146505,200000,
iops,200000,5,python,8896198,33987558,200000,
iops,200000,5,cached,18125902,26142090,200000,cc4caa306c90dca4ddc497d4e89f14c4f50241563a3cd2febd9695671e65422b
iops,200000,5,lookup-pc,155699276,164289275,200000,cc4caa306c90dca4ddc497d4e89f14c4f50241563a3cd2febd9695671e65422b
iops,200000,5,lookup-all,613609683,622939567,200000,cc4caa306c90dca4ddc497d4e89f14c4f50241563a3cd2febd9695671e65422b
iops,200000,6,lookup-all,631809054,641432444,200000,cc4caa306c90dca4ddc497d4e89f14c4f50241563a3cd2febd9695671e65422b
iops,200000,6,lookup-pc,157248810,166824361,200000,cc4caa306c90dca4ddc497d4e89f14c4f50241563a3cd2febd9695671e65422b
iops,200000,6,cached,18206086,27088221,200000,cc4caa306c90dca4ddc497d4e89f14c4f50241563a3cd2febd9695671e65422b
iops,200000,6,python,8989873,35546383,200000,
iops,200000,7,python,9368484,35495171,200000,
iops,200000,7,cached,18091584,26726079,200000,cc4caa306c90dca4ddc497d4e89f14c4f50241563a3cd2febd9695671e65422b
iops,200000,7,lookup-pc,160307537,168450321,200000,cc4caa306c90dca4ddc497d4e89f14c4f50241563a3cd2febd9695671e65422b
iops,200000,7,lookup-all,642684437,651367548,200000,cc4caa306c90dca4ddc497d4e89f14c4f50241563a3cd2febd9695671e65422b
iops,200000,8,lookup-all,626759425,636425853,200000,cc4caa306c90dca4ddc497d4e89f14c4f50241563a3cd2febd9695671e65422b
iops,200000,8,lookup-pc,158849531,168149079,200000,cc4caa306c90dca4ddc497d4e89f14c4f50241563a3cd2febd9695671e65422b
iops,200000,8,cached,17939414,26979297,200000,cc4caa306c90dca4ddc497d4e89f14c4f50241563a3cd2febd9695671e65422b
iops,200000,8,python,8673016,34740789,200000,
fib,8,0,lookup-all,351291,8790741,21,e81752a3616d6ff8e2e013d381024ece75c459fa1b095b9ef25af1a53738e82a
fib,8,0,lookup-pc,100942,8217369,21,e81752a3616d6ff8e2e013d381024ece75c459fa1b095b9ef25af1a53738e82a
fib,8,0,cached,16981,8190188,21,e81752a3616d6ff8e2e013d381024ece75c459fa1b095b9ef25af1a53738e82a
fib,8,0,python,10464,26597905,21,
fib,8,1,python,9534,25412926,21,
fib,8,1,cached,16957,8531500,21,e81752a3616d6ff8e2e013d381024ece75c459fa1b095b9ef25af1a53738e82a
fib,8,1,lookup-pc,99284,7993279,21,e81752a3616d6ff8e2e013d381024ece75c459fa1b095b9ef25af1a53738e82a
fib,8,1,lookup-all,353337,8638206,21,e81752a3616d6ff8e2e013d381024ece75c459fa1b095b9ef25af1a53738e82a
fib,8,2,lookup-all,350506,8501251,21,e81752a3616d6ff8e2e013d381024ece75c459fa1b095b9ef25af1a53738e82a
fib,8,2,lookup-pc,98224,8653740,21,e81752a3616d6ff8e2e013d381024ece75c459fa1b095b9ef25af1a53738e82a
fib,8,2,cached,17370,8322747,21,e81752a3616d6ff8e2e013d381024ece75c459fa1b095b9ef25af1a53738e82a
fib,8,2,python,9936,26254623,21,
fib,8,3,python,9464,26493860,21,
fib,8,3,cached,18072,8382720,21,e81752a3616d6ff8e2e013d381024ece75c459fa1b095b9ef25af1a53738e82a
fib,8,3,lookup-pc,100670,8601860,21,e81752a3616d6ff8e2e013d381024ece75c459fa1b095b9ef25af1a53738e82a
fib,8,3,lookup-all,352043,8806891,21,e81752a3616d6ff8e2e013d381024ece75c459fa1b095b9ef25af1a53738e82a
fib,8,4,lookup-all,357670,8934494,21,e81752a3616d6ff8e2e013d381024ece75c459fa1b095b9ef25af1a53738e82a
fib,8,4,lookup-pc,98961,8483487,21,e81752a3616d6ff8e2e013d381024ece75c459fa1b095b9ef25af1a53738e82a
fib,8,4,cached,17194,8512945,21,e81752a3616d6ff8e2e013d381024ece75c459fa1b095b9ef25af1a53738e82a
fib,8,4,python,10027,27282269,21,
fib,8,5,python,9870,25709091,21,
fib,8,5,cached,21781,8161896,21,e81752a3616d6ff8e2e013d381024ece75c459fa1b095b9ef25af1a53738e82a
fib,8,5,lookup-pc,98435,8634335,21,e81752a3616d6ff8e2e013d381024ece75c459fa1b095b9ef25af1a53738e82a
fib,8,5,lookup-all,359393,8131845,21,e81752a3616d6ff8e2e013d381024ece75c459fa1b095b9ef25af1a53738e82a
fib,8,6,lookup-all,355674,8542743,21,e81752a3616d6ff8e2e013d381024ece75c459fa1b095b9ef25af1a53738e82a
fib,8,6,lookup-pc,97342,8644162,21,e81752a3616d6ff8e2e013d381024ece75c459fa1b095b9ef25af1a53738e82a
fib,8,6,cached,17115,7853431,21,e81752a3616d6ff8e2e013d381024ece75c459fa1b095b9ef25af1a53738e82a
fib,8,6,python,10069,26198342,21,
fib,8,7,python,10001,25714136,21,
fib,8,7,cached,16995,8033122,21,e81752a3616d6ff8e2e013d381024ece75c459fa1b095b9ef25af1a53738e82a
fib,8,7,lookup-pc,96050,8111019,21,e81752a3616d6ff8e2e013d381024ece75c459fa1b095b9ef25af1a53738e82a
fib,8,7,lookup-all,351090,8509577,21,e81752a3616d6ff8e2e013d381024ece75c459fa1b095b9ef25af1a53738e82a
fib,8,8,lookup-all,364804,8385157,21,e81752a3616d6ff8e2e013d381024ece75c459fa1b095b9ef25af1a53738e82a
fib,8,8,lookup-pc,98437,8505526,21,e81752a3616d6ff8e2e013d381024ece75c459fa1b095b9ef25af1a53738e82a
fib,8,8,cached,16785,8190352,21,e81752a3616d6ff8e2e013d381024ece75c459fa1b095b9ef25af1a53738e82a
fib,8,8,python,9473,26504266,21,
fib,9,0,lookup-all,581159,8509318,34,6370c499d578c417a3ff7a4e873ce1a6de31c50dec87a6c3f2109dda8864e455
fib,9,0,lookup-pc,157052,8142119,34,6370c499d578c417a3ff7a4e873ce1a6de31c50dec87a6c3f2109dda8864e455
fib,9,0,cached,25493,8106733,34,6370c499d578c417a3ff7a4e873ce1a6de31c50dec87a6c3f2109dda8864e455
fib,9,0,python,15438,26351741,34,
fib,9,1,python,14419,25757279,34,
fib,9,1,cached,23159,8198004,34,6370c499d578c417a3ff7a4e873ce1a6de31c50dec87a6c3f2109dda8864e455
fib,9,1,lookup-pc,158609,8291369,34,6370c499d578c417a3ff7a4e873ce1a6de31c50dec87a6c3f2109dda8864e455
fib,9,1,lookup-all,573613,8761221,34,6370c499d578c417a3ff7a4e873ce1a6de31c50dec87a6c3f2109dda8864e455
fib,9,2,lookup-all,573779,8690588,34,6370c499d578c417a3ff7a4e873ce1a6de31c50dec87a6c3f2109dda8864e455
fib,9,2,lookup-pc,151769,8372951,34,6370c499d578c417a3ff7a4e873ce1a6de31c50dec87a6c3f2109dda8864e455
fib,9,2,cached,25243,8530017,34,6370c499d578c417a3ff7a4e873ce1a6de31c50dec87a6c3f2109dda8864e455
fib,9,2,python,14456,26500956,34,
fib,9,3,python,15032,25951069,34,
fib,9,3,cached,22925,7969410,34,6370c499d578c417a3ff7a4e873ce1a6de31c50dec87a6c3f2109dda8864e455
fib,9,3,lookup-pc,154031,8194985,34,6370c499d578c417a3ff7a4e873ce1a6de31c50dec87a6c3f2109dda8864e455
fib,9,3,lookup-all,631450,8446330,34,6370c499d578c417a3ff7a4e873ce1a6de31c50dec87a6c3f2109dda8864e455
fib,9,4,lookup-all,583592,8843736,34,6370c499d578c417a3ff7a4e873ce1a6de31c50dec87a6c3f2109dda8864e455
fib,9,4,lookup-pc,158789,8655606,34,6370c499d578c417a3ff7a4e873ce1a6de31c50dec87a6c3f2109dda8864e455
fib,9,4,cached,25009,8308209,34,6370c499d578c417a3ff7a4e873ce1a6de31c50dec87a6c3f2109dda8864e455
fib,9,4,python,14605,26320955,34,
fib,9,5,python,14247,25765731,34,
fib,9,5,cached,29506,8395884,34,6370c499d578c417a3ff7a4e873ce1a6de31c50dec87a6c3f2109dda8864e455
fib,9,5,lookup-pc,158940,7979833,34,6370c499d578c417a3ff7a4e873ce1a6de31c50dec87a6c3f2109dda8864e455
fib,9,5,lookup-all,582945,8831238,34,6370c499d578c417a3ff7a4e873ce1a6de31c50dec87a6c3f2109dda8864e455
fib,9,6,lookup-all,577859,8843972,34,6370c499d578c417a3ff7a4e873ce1a6de31c50dec87a6c3f2109dda8864e455
fib,9,6,lookup-pc,160226,8396632,34,6370c499d578c417a3ff7a4e873ce1a6de31c50dec87a6c3f2109dda8864e455
fib,9,6,cached,24430,8035301,34,6370c499d578c417a3ff7a4e873ce1a6de31c50dec87a6c3f2109dda8864e455
fib,9,6,python,15344,26505625,34,
fib,9,7,python,14906,25673734,34,
fib,9,7,cached,23681,8058572,34,6370c499d578c417a3ff7a4e873ce1a6de31c50dec87a6c3f2109dda8864e455
fib,9,7,lookup-pc,157729,7874482,34,6370c499d578c417a3ff7a4e873ce1a6de31c50dec87a6c3f2109dda8864e455
fib,9,7,lookup-all,575736,8865496,34,6370c499d578c417a3ff7a4e873ce1a6de31c50dec87a6c3f2109dda8864e455
fib,9,8,lookup-all,561359,8782346,34,6370c499d578c417a3ff7a4e873ce1a6de31c50dec87a6c3f2109dda8864e455
fib,9,8,lookup-pc,161745,8436159,34,6370c499d578c417a3ff7a4e873ce1a6de31c50dec87a6c3f2109dda8864e455
fib,9,8,cached,28463,8661074,34,6370c499d578c417a3ff7a4e873ce1a6de31c50dec87a6c3f2109dda8864e455
fib,9,8,python,14339,26952828,34,
fib,10,0,lookup-all,943368,9520183,55,f681ccd24cca88cdc40a5d94f5ce3ce190a7d588399112fdbcf7e9b35f837409
fib,10,0,lookup-pc,254605,8699371,55,f681ccd24cca88cdc40a5d94f5ce3ce190a7d588399112fdbcf7e9b35f837409
fib,10,0,cached,35499,8145900,55,f681ccd24cca88cdc40a5d94f5ce3ce190a7d588399112fdbcf7e9b35f837409
fib,10,0,python,18538,25825506,55,
fib,10,1,python,19380,25545153,55,
fib,10,1,cached,35804,8315206,55,f681ccd24cca88cdc40a5d94f5ce3ce190a7d588399112fdbcf7e9b35f837409
fib,10,1,lookup-pc,253474,8100806,55,f681ccd24cca88cdc40a5d94f5ce3ce190a7d588399112fdbcf7e9b35f837409
fib,10,1,lookup-all,917325,8877117,55,f681ccd24cca88cdc40a5d94f5ce3ce190a7d588399112fdbcf7e9b35f837409
fib,10,2,lookup-all,942324,8601676,55,f681ccd24cca88cdc40a5d94f5ce3ce190a7d588399112fdbcf7e9b35f837409
fib,10,2,lookup-pc,247179,8477385,55,f681ccd24cca88cdc40a5d94f5ce3ce190a7d588399112fdbcf7e9b35f837409
fib,10,2,cached,37288,7972605,55,f681ccd24cca88cdc40a5d94f5ce3ce190a7d588399112fdbcf7e9b35f837409
fib,10,2,python,18889,26097932,55,
fib,10,3,python,19495,25833059,55,
fib,10,3,cached,35030,8459856,55,f681ccd24cca88cdc40a5d94f5ce3ce190a7d588399112fdbcf7e9b35f837409
fib,10,3,lookup-pc,251366,8422069,55,f681ccd24cca88cdc40a5d94f5ce3ce190a7d588399112fdbcf7e9b35f837409
fib,10,3,lookup-all,925635,9002110,55,f681ccd24cca88cdc40a5d94f5ce3ce190a7d588399112fdbcf7e9b35f837409
fib,10,4,lookup-all,925109,8860854,55,f681ccd24cca88cdc40a5d94f5ce3ce190a7d588399112fdbcf7e9b35f837409
fib,10,4,lookup-pc,251368,8538988,55,f681ccd24cca88cdc40a5d94f5ce3ce190a7d588399112fdbcf7e9b35f837409
fib,10,4,cached,36334,8199962,55,f681ccd24cca88cdc40a5d94f5ce3ce190a7d588399112fdbcf7e9b35f837409
fib,10,4,python,19389,26368943,55,
fib,10,5,python,18829,25610764,55,
fib,10,5,cached,36908,7828634,55,f681ccd24cca88cdc40a5d94f5ce3ce190a7d588399112fdbcf7e9b35f837409
fib,10,5,lookup-pc,242647,8122612,55,f681ccd24cca88cdc40a5d94f5ce3ce190a7d588399112fdbcf7e9b35f837409
fib,10,5,lookup-all,925422,8847276,55,f681ccd24cca88cdc40a5d94f5ce3ce190a7d588399112fdbcf7e9b35f837409
fib,10,6,lookup-all,945125,9049731,55,f681ccd24cca88cdc40a5d94f5ce3ce190a7d588399112fdbcf7e9b35f837409
fib,10,6,lookup-pc,248589,8201216,55,f681ccd24cca88cdc40a5d94f5ce3ce190a7d588399112fdbcf7e9b35f837409
fib,10,6,cached,36712,8122015,55,f681ccd24cca88cdc40a5d94f5ce3ce190a7d588399112fdbcf7e9b35f837409
fib,10,6,python,19246,26218860,55,
fib,10,7,python,19140,25910956,55,
fib,10,7,cached,35961,7995155,55,f681ccd24cca88cdc40a5d94f5ce3ce190a7d588399112fdbcf7e9b35f837409
fib,10,7,lookup-pc,251889,8451933,55,f681ccd24cca88cdc40a5d94f5ce3ce190a7d588399112fdbcf7e9b35f837409
fib,10,7,lookup-all,988197,8886001,55,f681ccd24cca88cdc40a5d94f5ce3ce190a7d588399112fdbcf7e9b35f837409
fib,10,8,lookup-all,925218,9295536,55,f681ccd24cca88cdc40a5d94f5ce3ce190a7d588399112fdbcf7e9b35f837409
fib,10,8,lookup-pc,250622,8708145,55,f681ccd24cca88cdc40a5d94f5ce3ce190a7d588399112fdbcf7e9b35f837409
fib,10,8,cached,35543,8309542,55,f681ccd24cca88cdc40a5d94f5ce3ce190a7d588399112fdbcf7e9b35f837409
fib,10,8,python,19621,26401205,55,
fib,18,0,lookup-all,41148305,49568853,2584,771156804e3d9c5eb93fe094689e7ed3978dda0d221b9539f118ee1e14d3f6dd
fib,18,0,lookup-pc,11156845,19082808,2584,771156804e3d9c5eb93fe094689e7ed3978dda0d221b9539f118ee1e14d3f6dd
fib,18,0,cached,1429719,9508931,2584,771156804e3d9c5eb93fe094689e7ed3978dda0d221b9539f118ee1e14d3f6dd
fib,18,0,python,518208,26899009,2584,
fib,18,1,python,525236,26360744,2584,
fib,18,1,cached,1437669,9641011,2584,771156804e3d9c5eb93fe094689e7ed3978dda0d221b9539f118ee1e14d3f6dd
fib,18,1,lookup-pc,11390593,19083947,2584,771156804e3d9c5eb93fe094689e7ed3978dda0d221b9539f118ee1e14d3f6dd
fib,18,1,lookup-all,42229807,50182956,2584,771156804e3d9c5eb93fe094689e7ed3978dda0d221b9539f118ee1e14d3f6dd
fib,18,2,lookup-all,41442914,49704797,2584,771156804e3d9c5eb93fe094689e7ed3978dda0d221b9539f118ee1e14d3f6dd
fib,18,2,lookup-pc,11336878,19642080,2584,771156804e3d9c5eb93fe094689e7ed3978dda0d221b9539f118ee1e14d3f6dd
fib,18,2,cached,1422440,9512476,2584,771156804e3d9c5eb93fe094689e7ed3978dda0d221b9539f118ee1e14d3f6dd
fib,18,2,python,534227,27079294,2584,
fib,18,3,python,524684,26195219,2584,
fib,18,3,cached,1448576,9310321,2584,771156804e3d9c5eb93fe094689e7ed3978dda0d221b9539f118ee1e14d3f6dd
fib,18,3,lookup-pc,11321853,19278968,2584,771156804e3d9c5eb93fe094689e7ed3978dda0d221b9539f118ee1e14d3f6dd
fib,18,3,lookup-all,41561621,49655292,2584,771156804e3d9c5eb93fe094689e7ed3978dda0d221b9539f118ee1e14d3f6dd
fib,18,4,lookup-all,38063774,46582134,2584,771156804e3d9c5eb93fe094689e7ed3978dda0d221b9539f118ee1e14d3f6dd
fib,18,4,lookup-pc,11330022,19347296,2584,771156804e3d9c5eb93fe094689e7ed3978dda0d221b9539f118ee1e14d3f6dd
fib,18,4,cached,1458524,9825939,2584,771156804e3d9c5eb93fe094689e7ed3978dda0d221b9539f118ee1e14d3f6dd
fib,18,4,python,516683,27199731,2584,
fib,18,5,python,519957,26141766,2584,
fib,18,5,cached,1448158,9424605,2584,771156804e3d9c5eb93fe094689e7ed3978dda0d221b9539f118ee1e14d3f6dd
fib,18,5,lookup-pc,12846284,20776776,2584,771156804e3d9c5eb93fe094689e7ed3978dda0d221b9539f118ee1e14d3f6dd
fib,18,5,lookup-all,40668795,48688699,2584,771156804e3d9c5eb93fe094689e7ed3978dda0d221b9539f118ee1e14d3f6dd
fib,18,6,lookup-all,39223897,47600914,2584,771156804e3d9c5eb93fe094689e7ed3978dda0d221b9539f118ee1e14d3f6dd
fib,18,6,lookup-pc,11343391,19637295,2584,771156804e3d9c5eb93fe094689e7ed3978dda0d221b9539f118ee1e14d3f6dd
fib,18,6,cached,1423166,10025070,2584,771156804e3d9c5eb93fe094689e7ed3978dda0d221b9539f118ee1e14d3f6dd
fib,18,6,python,532751,26935000,2584,
fib,18,7,python,511490,26072062,2584,
fib,18,7,cached,1439064,9504501,2584,771156804e3d9c5eb93fe094689e7ed3978dda0d221b9539f118ee1e14d3f6dd
fib,18,7,lookup-pc,11672561,19870900,2584,771156804e3d9c5eb93fe094689e7ed3978dda0d221b9539f118ee1e14d3f6dd
fib,18,7,lookup-all,37758206,45950217,2584,771156804e3d9c5eb93fe094689e7ed3978dda0d221b9539f118ee1e14d3f6dd
fib,18,8,lookup-all,39045978,47277797,2584,771156804e3d9c5eb93fe094689e7ed3978dda0d221b9539f118ee1e14d3f6dd
fib,18,8,lookup-pc,11424631,19375884,2584,771156804e3d9c5eb93fe094689e7ed3978dda0d221b9539f118ee1e14d3f6dd
fib,18,8,cached,1444215,9718051,2584,771156804e3d9c5eb93fe094689e7ed3978dda0d221b9539f118ee1e14d3f6dd
fib,18,8,python,535869,27148766,2584,
nqueens,4,0,lookup-all,294450,8405297,2,18d63299b9d24c37220de7deaa148d5174694d1aaaaa59f83bb8576c6ad0c309
nqueens,4,0,lookup-pc,89402,8082671,2,18d63299b9d24c37220de7deaa148d5174694d1aaaaa59f83bb8576c6ad0c309
nqueens,4,0,cached,20600,8166976,2,18d63299b9d24c37220de7deaa148d5174694d1aaaaa59f83bb8576c6ad0c309
nqueens,4,0,python,21035,26267948,2,
nqueens,4,1,python,20229,25439369,2,
nqueens,4,1,cached,20304,8305703,2,18d63299b9d24c37220de7deaa148d5174694d1aaaaa59f83bb8576c6ad0c309
nqueens,4,1,lookup-pc,85064,8342697,2,18d63299b9d24c37220de7deaa148d5174694d1aaaaa59f83bb8576c6ad0c309
nqueens,4,1,lookup-all,299842,8759474,2,18d63299b9d24c37220de7deaa148d5174694d1aaaaa59f83bb8576c6ad0c309
nqueens,4,2,lookup-all,286790,9657609,2,18d63299b9d24c37220de7deaa148d5174694d1aaaaa59f83bb8576c6ad0c309
nqueens,4,2,lookup-pc,84679,8424357,2,18d63299b9d24c37220de7deaa148d5174694d1aaaaa59f83bb8576c6ad0c309
nqueens,4,2,cached,19017,8366463,2,18d63299b9d24c37220de7deaa148d5174694d1aaaaa59f83bb8576c6ad0c309
nqueens,4,2,python,20325,26268984,2,
nqueens,4,3,python,18946,25810619,2,
nqueens,4,3,cached,21571,8608001,2,18d63299b9d24c37220de7deaa148d5174694d1aaaaa59f83bb8576c6ad0c309
nqueens,4,3,lookup-pc,83778,8258194,2,18d63299b9d24c37220de7deaa148d5174694d1aaaaa59f83bb8576c6ad0c309
nqueens,4,3,lookup-all,284186,8626749,2,18d63299b9d24c37220de7deaa148d5174694d1aaaaa59f83bb8576c6ad0c309
nqueens,4,4,lookup-all,285041,8750876,2,18d63299b9d24c37220de7deaa148d5174694d1aaaaa59f83bb8576c6ad0c309
nqueens,4,4,lookup-pc,84413,8252710,2,18d63299b9d24c37220de7deaa148d5174694d1aaaaa59f83bb8576c6ad0c309
nqueens,4,4,cached,20295,8370488,2,18d63299b9d24c37220de7deaa148d5174694d1aaaaa59f83bb8576c6ad0c309
nqueens,4,4,python,19769,26488690,2,
nqueens,4,5,python,20495,25312105,2,
nqueens,4,5,cached,19931,8232545,2,18d63299b9d24c37220de7deaa148d5174694d1aaaaa59f83bb8576c6ad0c309
nqueens,4,5,lookup-pc,83629,8080238,2,18d63299b9d24c37220de7deaa148d5174694d1aaaaa59f83bb8576c6ad0c309
nqueens,4,5,lookup-all,291054,8371498,2,18d63299b9d24c37220de7deaa148d5174694d1aaaaa59f83bb8576c6ad0c309
nqueens,4,6,lookup-all,289481,8650603,2,18d63299b9d24c37220de7deaa148d5174694d1aaaaa59f83bb8576c6ad0c309
nqueens,4,6,lookup-pc,85588,8114853,2,18d63299b9d24c37220de7deaa148d5174694d1aaaaa59f83bb8576c6ad0c309
nqueens,4,6,cached,20222,8174732,2,18d63299b9d24c37220de7deaa148d5174694d1aaaaa59f83bb8576c6ad0c309
nqueens,4,6,python,19751,26256132,2,
nqueens,4,7,python,19733,25710725,2,
nqueens,4,7,cached,19825,8407771,2,18d63299b9d24c37220de7deaa148d5174694d1aaaaa59f83bb8576c6ad0c309
nqueens,4,7,lookup-pc,84534,8400655,2,18d63299b9d24c37220de7deaa148d5174694d1aaaaa59f83bb8576c6ad0c309
nqueens,4,7,lookup-all,286159,8239654,2,18d63299b9d24c37220de7deaa148d5174694d1aaaaa59f83bb8576c6ad0c309
nqueens,4,8,lookup-all,292747,8638725,2,18d63299b9d24c37220de7deaa148d5174694d1aaaaa59f83bb8576c6ad0c309
nqueens,4,8,lookup-pc,84098,8055263,2,18d63299b9d24c37220de7deaa148d5174694d1aaaaa59f83bb8576c6ad0c309
nqueens,4,8,cached,20238,8163508,2,18d63299b9d24c37220de7deaa148d5174694d1aaaaa59f83bb8576c6ad0c309
nqueens,4,8,python,19418,26246768,2,
nqueens,5,0,lookup-all,903787,8954871,10,f9b44b9e83341c932d5bceee6ea85aae690bee3929e786252c4a5e08e9134b5a
nqueens,5,0,lookup-pc,245358,8228105,10,f9b44b9e83341c932d5bceee6ea85aae690bee3929e786252c4a5e08e9134b5a
nqueens,5,0,cached,44066,8001279,10,f9b44b9e83341c932d5bceee6ea85aae690bee3929e786252c4a5e08e9134b5a
nqueens,5,0,python,36404,26149577,10,
nqueens,5,1,python,35065,25869874,10,
nqueens,5,1,cached,45228,8610173,10,f9b44b9e83341c932d5bceee6ea85aae690bee3929e786252c4a5e08e9134b5a
nqueens,5,1,lookup-pc,257307,8259735,10,f9b44b9e83341c932d5bceee6ea85aae690bee3929e786252c4a5e08e9134b5a
nqueens,5,1,lookup-all,896171,9024897,10,f9b44b9e83341c932d5bceee6ea85aae690bee3929e786252c4a5e08e9134b5a
nqueens,5,2,lookup-all,859589,9272231,10,f9b44b9e83341c932d5bceee6ea85aae690bee3929e786252c4a5e08e9134b5a
nqueens,5,2,lookup-pc,248458,8558116,10,f9b44b9e83341c932d5bceee6ea85aae690bee3929e786252c4a5e08e9134b5a
nqueens,5,2,cached,45910,8137720,10,f9b44b9e83341c932d5bceee6ea85aae690bee3929e786252c4a5e08e9134b5a
nqueens,5,2,python,38249,26700610,10,
nqueens,5,3,python,36725,25633150,10,
nqueens,5,3,cached,46079,8103302,10,f9b44b9e83341c932d5bceee6ea85aae690bee3929e786252c4a5e08e9134b5a
nqueens,5,3,lookup-pc,249466,8364255,10,f9b44b9e83341c932d5bceee6ea85aae690bee3929e786252c4a5e08e9134b5a
nqueens,5,3,lookup-all,886568,8860541,10,f9b44b9e83341c932d5bceee6ea85aae690bee3929e786252c4a5e08e9134b5a
nqueens,5,4,lookup-all,891758,8953014,10,f9b44b9e83341c932d5bceee6ea85aae690bee3929e786252c4a5e08e9134b5a
nqueens,5,4,lookup-pc,258927,8415172,10,f9b44b9e83341c932d5bceee6ea85aae690bee3929e786252c4a5e08e9134b5a
nqueens,5,4,cached,45494,8004103,10,f9b44b9e83341c932d5bceee6ea85aae690bee3929e786252c4a5e08e9134b5a
nqueens,5,4,python,37653,26426629,10,
nqueens,5,5,python,36038,25710077,10,
nqueens,5,5,cached,46443,8414172,10,f9b44b9e83341c932d5bceee6ea85aae690bee3929e786252c4a5e08e9134b5a
nqueens,5,5,lookup-pc,252042,8802818,10,f9b44b9e83341c932d5bceee6ea85aae690bee3929e786252c4a5e08e9134b5a
nqueens,5,5,lookup-all,911927,9464315,10,f9b44b9e83341c932d5bceee6ea85aae690bee3929e786252c4a5e08e9134b5a
nqueens,5,6,lookup-all,955383,9707850,10,f9b44b9e83341c932d5bceee6ea85aae690bee3929e786252c4a5e08e9134b5a
nqueens,5,6,lookup-pc,259285,8691541,10,f9b44b9e83341c932d5bceee6ea85aae690bee3929e786252c4a5e08e9134b5a
nqueens,5,6,cached,44711,8993273,10,f9b44b9e83341c932d5bceee6ea85aae690bee3929e786252c4a5e08e9134b5a
nqueens,5,6,python,35624,26999647,10,
nqueens,5,7,python,33660,26201322,10,
nqueens,5,7,cached,50448,8170198,10,f9b44b9e83341c932d5bceee6ea85aae690bee3929e786252c4a5e08e9134b5a
nqueens,5,7,lookup-pc,247842,8559770,10,f9b44b9e83341c932d5bceee6ea85aae690bee3929e786252c4a5e08e9134b5a
nqueens,5,7,lookup-all,890413,9801722,10,f9b44b9e83341c932d5bceee6ea85aae690bee3929e786252c4a5e08e9134b5a
nqueens,5,8,lookup-all,893383,9743759,10,f9b44b9e83341c932d5bceee6ea85aae690bee3929e786252c4a5e08e9134b5a
nqueens,5,8,lookup-pc,248692,8906623,10,f9b44b9e83341c932d5bceee6ea85aae690bee3929e786252c4a5e08e9134b5a
nqueens,5,8,cached,46205,8560992,10,f9b44b9e83341c932d5bceee6ea85aae690bee3929e786252c4a5e08e9134b5a
nqueens,5,8,python,37323,27596792,10,
nqueens,6,0,lookup-all,2612211,10770786,4,7e1ab965e3ade15f9e4a5e58969a9292746c32155ad9901ca0f972421d945427
nqueens,6,0,lookup-pc,717293,9122402,4,7e1ab965e3ade15f9e4a5e58969a9292746c32155ad9901ca0f972421d945427
nqueens,6,0,cached,118487,8558877,4,7e1ab965e3ade15f9e4a5e58969a9292746c32155ad9901ca0f972421d945427
nqueens,6,0,python,79148,26325167,4,
nqueens,6,1,python,79045,26009058,4,
nqueens,6,1,cached,118000,8090437,4,7e1ab965e3ade15f9e4a5e58969a9292746c32155ad9901ca0f972421d945427
nqueens,6,1,lookup-pc,720138,8757552,4,7e1ab965e3ade15f9e4a5e58969a9292746c32155ad9901ca0f972421d945427
nqueens,6,1,lookup-all,2626837,10676303,4,7e1ab965e3ade15f9e4a5e58969a9292746c32155ad9901ca0f972421d945427
nqueens,6,2,lookup-all,2640873,10778892,4,7e1ab965e3ade15f9e4a5e58969a9292746c32155ad9901ca0f972421d945427
nqueens,6,2,lookup-pc,779842,8907500,4,7e1ab965e3ade15f9e4a5e58969a9292746c32155ad9901ca0f972421d945427
nqueens,6,2,cached,121680,8162923,4,7e1ab965e3ade15f9e4a5e58969a9292746c32155ad9901ca0f972421d945427
nqueens,6,2,python,78677,26752451,4,
nqueens,6,3,python,72442,25705043,4,
nqueens,6,3,cached,115562,8002392,4,7e1ab965e3ade15f9e4a5e58969a9292746c32155ad9901ca0f972421d945427
nqueens,6,3,lookup-pc,729688,8584643,4,7e1ab965e3ade15f9e4a5e58969a9292746c32155ad9901ca0f972421d945427
nqueens,6,3,lookup-all,2638768,10726900,4,7e1ab965e3ade15f9e4a5e58969a9292746c32155ad9901ca0f972421d945427
nqueens,6,4,lookup-all,2698859,11456989,4,7e1ab965e3ade15f9e4a5e58969a9292746c32155ad9901ca0f972421d945427
nqueens,6,4,lookup-pc,734462,8658286,4,7e1ab965e3ade15f9e4a5e58969a9292746c32155ad9901ca0f972421d945427
nqueens,6,4,cached,124091,7846876,4,7e1ab965e3ade15f9e4a5e58969a9292746c32155ad9901ca0f972421d945427
nqueens,6,4,python,78096,26425826,4,
nqueens,6,5,python,76745,25738997,4,
nqueens,6,5,cached,115110,8440639,4,7e1ab965e3ade15f9e4a5e58969a9292746c32155ad9901ca0f972421d945427
nqueens,6,5,lookup-pc,737915,8814885,4,7e1ab965e3ade15f9e4a5e58969a9292746c32155ad9901ca0f972421d945427
nqueens,6,5,lookup-all,2721838,11006718,4,7e1ab965e3ade15f9e4a5e58969a9292746c32155ad9901ca0f972421d945427
nqueens,6,6,lookup-all,2660631,10985375,4,7e1ab965e3ade15f9e4a5e58969a9292746c32155ad9901ca0f972421d945427
nqueens,6,6,lookup-pc,794158,8851358,4,7e1ab965e3ade15f9e4a5e58969a9292746c32155ad9901ca0f972421d945427
nqueens,6,6,cached,115041,7689361,4,7e1ab965e3ade15f9e4a5e58969a9292746c32155ad9901ca0f972421d945427
nqueens,6,6,python,73990,26540289,4,
nqueens,6,7,python,76615,25447288,4,
nqueens,6,7,cached,122117,7728371,4,7e1ab965e3ade15f9e4a5e58969a9292746c32155ad9901ca0f972421d945427
nqueens,6,7,lookup-pc,727107,8495117,4,7e1ab965e3ade15f9e4a5e58969a9292746c32155ad9901ca0f972421d945427
nqueens,6,7,lookup-all,2715528,10412953,4,7e1ab965e3ade15f9e4a5e58969a9292746c32155ad9901ca0f972421d945427
nqueens,6,8,lookup-all,2687194,10866648,4,7e1ab965e3ade15f9e4a5e58969a9292746c32155ad9901ca0f972421d945427
nqueens,6,8,lookup-pc,727934,9077414,4,7e1ab965e3ade15f9e4a5e58969a9292746c32155ad9901ca0f972421d945427
nqueens,6,8,cached,115046,8145914,4,7e1ab965e3ade15f9e4a5e58969a9292746c32155ad9901ca0f972421d945427
nqueens,6,8,python,77599,25902934,4,
nqueens,8,0,lookup-all,31817341,39469174,92,1c8d80bdc643bd507f344971ab078ef2e2c92b67009f4dd82a3c87e71f2a1bc8
nqueens,8,0,lookup-pc,9436371,17685485,92,1c8d80bdc643bd507f344971ab078ef2e2c92b67009f4dd82a3c87e71f2a1bc8
nqueens,8,0,cached,1483705,9703150,92,1c8d80bdc643bd507f344971ab078ef2e2c92b67009f4dd82a3c87e71f2a1bc8
nqueens,8,0,python,785288,26997001,92,
nqueens,8,1,python,804041,26798043,92,
nqueens,8,1,cached,1483462,10246987,92,1c8d80bdc643bd507f344971ab078ef2e2c92b67009f4dd82a3c87e71f2a1bc8
nqueens,8,1,lookup-pc,9551643,17732125,92,1c8d80bdc643bd507f344971ab078ef2e2c92b67009f4dd82a3c87e71f2a1bc8
nqueens,8,1,lookup-all,33039781,41119510,92,1c8d80bdc643bd507f344971ab078ef2e2c92b67009f4dd82a3c87e71f2a1bc8
nqueens,8,2,lookup-all,32712011,41457662,92,1c8d80bdc643bd507f344971ab078ef2e2c92b67009f4dd82a3c87e71f2a1bc8
nqueens,8,2,lookup-pc,10893864,19499333,92,1c8d80bdc643bd507f344971ab078ef2e2c92b67009f4dd82a3c87e71f2a1bc8
nqueens,8,2,cached,1508434,10953343,92,1c8d80bdc643bd507f344971ab078ef2e2c92b67009f4dd82a3c87e71f2a1bc8
nqueens,8,2,python,802494,28600806,92,
nqueens,8,3,python,801012,27338611,92,
nqueens,8,3,cached,1471137,10180896,92,1c8d80bdc643bd507f344971ab078ef2e2c92b67009f4dd82a3c87e71f2a1bc8
nqueens,8,3,lookup-pc,10011601,18215691,92,1c8d80bdc643bd507f344971ab078ef2e2c92b67009f4dd82a3c87e71f2a1bc8
nqueens,8,3,lookup-all,38761563,47706823,92,1c8d80bdc643bd507f344971ab078ef2e2c92b67009f4dd82a3c87e71f2a1bc8
nqueens,8,4,lookup-all,34406723,42622093,92,1c8d80bdc643bd507f344971ab078ef2e2c92b67009f4dd82a3c87e71f2a1bc8
nqueens,8,4,lookup-pc,9564619,18078576,92,1c8d80bdc643bd507f344971ab078ef2e2c92b67009f4dd82a3c87e71f2a1bc8
nqueens,8,4,cached,1540635,10269802,92,1c8d80bdc643bd507f344971ab078ef2e2c92b67009f4dd82a3c87e71f2a1bc8
nqueens,8,4,python,785263,27630979,92,
nqueens,8,5,python,793492,26853868,92,
nqueens,8,5,cached,1495966,9898017,92,1c8d80bdc643bd507f344971ab078ef2e2c92b67009f4dd82a3c87e71f2a1bc8
nqueens,8,5,lookup-pc,9354559,17874201,92,1c8d80bdc643bd507f344971ab078ef2e2c92b67009f4dd82a3c87e71f2a1bc8
nqueens,8,5,lookup-all,32004439,40032576,92,1c8d80bdc643bd507f344971ab078ef2e2c92b67009f4dd82a3c87e71f2a1bc8
nqueens,8,6,lookup-all,33918668,42508205,92,1c8d80bdc643bd507f344971ab078ef2e2c92b67009f4dd82a3c87e71f2a1bc8
nqueens,8,6,lookup-pc,9772533,18490788,92,1c8d80bdc643bd507f344971ab078ef2e2c92b67009f4dd82a3c87e71f2a1bc8
nqueens,8,6,cached,1534435,9921100,92,1c8d80bdc643bd507f344971ab078ef2e2c92b67009f4dd82a3c87e71f2a1bc8
nqueens,8,6,python,799989,27332817,92,
nqueens,8,7,python,795460,26354730,92,
nqueens,8,7,cached,1507400,10098645,92,1c8d80bdc643bd507f344971ab078ef2e2c92b67009f4dd82a3c87e71f2a1bc8
nqueens,8,7,lookup-pc,9366310,17592546,92,1c8d80bdc643bd507f344971ab078ef2e2c92b67009f4dd82a3c87e71f2a1bc8
nqueens,8,7,lookup-all,30845465,40108873,92,1c8d80bdc643bd507f344971ab078ef2e2c92b67009f4dd82a3c87e71f2a1bc8
nqueens,8,8,lookup-all,32506118,41373019,92,1c8d80bdc643bd507f344971ab078ef2e2c92b67009f4dd82a3c87e71f2a1bc8
nqueens,8,8,lookup-pc,9469859,17715204,92,1c8d80bdc643bd507f344971ab078ef2e2c92b67009f4dd82a3c87e71f2a1bc8
nqueens,8,8,cached,1508018,10387914,92,1c8d80bdc643bd507f344971ab078ef2e2c92b67009f4dd82a3c87e71f2a1bc8
nqueens,8,8,python,793610,27473347,92,
