case,scale,pair,variant,kernel_ns,wall_ns,result,state_sha256,jit_ns
iops,500,0,aot,51717,7614565,500,a64b7b46c7ec5825e7f128012d165feb244bb645a4df555e953f93ffeb8f7bb7,0
iops,500,0,fast-commit,50899,7361469,500,a64b7b46c7ec5825e7f128012d165feb244bb645a4df555e953f93ffeb8f7bb7,0
iops,500,0,fast-pc,43678,7567381,500,a64b7b46c7ec5825e7f128012d165feb244bb645a4df555e953f93ffeb8f7bb7,0
iops,500,0,fast,33182,7752277,500,a64b7b46c7ec5825e7f128012d165feb244bb645a4df555e953f93ffeb8f7bb7,0
iops,500,0,fast-slots,33761,7893879,500,a64b7b46c7ec5825e7f128012d165feb244bb645a4df555e953f93ffeb8f7bb7,0
iops,500,0,fast-address,33080,7801153,500,a64b7b46c7ec5825e7f128012d165feb244bb645a4df555e953f93ffeb8f7bb7,0
iops,500,0,fast-loop,25083,7512067,500,a64b7b46c7ec5825e7f128012d165feb244bb645a4df555e953f93ffeb8f7bb7,0
iops,500,0,python,25773,26456271,500,,0
iops,500,1,python,25614,26368630,500,,0
iops,500,1,fast-loop,24347,8054703,500,a64b7b46c7ec5825e7f128012d165feb244bb645a4df555e953f93ffeb8f7bb7,0
iops,500,1,fast-address,28455,7463191,500,a64b7b46c7ec5825e7f128012d165feb244bb645a4df555e953f93ffeb8f7bb7,0
iops,500,1,fast-slots,34154,7786924,500,a64b7b46c7ec5825e7f128012d165feb244bb645a4df555e953f93ffeb8f7bb7,0
iops,500,1,fast,33919,7584868,500,a64b7b46c7ec5825e7f128012d165feb244bb645a4df555e953f93ffeb8f7bb7,0
iops,500,1,fast-pc,41403,7490357,500,a64b7b46c7ec5825e7f128012d165feb244bb645a4df555e953f93ffeb8f7bb7,0
iops,500,1,fast-commit,51242,8419386,500,a64b7b46c7ec5825e7f128012d165feb244bb645a4df555e953f93ffeb8f7bb7,0
iops,500,1,aot,54960,7814604,500,a64b7b46c7ec5825e7f128012d165feb244bb645a4df555e953f93ffeb8f7bb7,0
iops,500,2,aot,49439,7939123,500,a64b7b46c7ec5825e7f128012d165feb244bb645a4df555e953f93ffeb8f7bb7,0
iops,500,2,fast-commit,50815,7698172,500,a64b7b46c7ec5825e7f128012d165feb244bb645a4df555e953f93ffeb8f7bb7,0
iops,500,2,fast-pc,41081,7345811,500,a64b7b46c7ec5825e7f128012d165feb244bb645a4df555e953f93ffeb8f7bb7,0
iops,500,2,fast,34666,7582896,500,a64b7b46c7ec5825e7f128012d165feb244bb645a4df555e953f93ffeb8f7bb7,0
iops,500,2,fast-slots,33664,7411467,500,a64b7b46c7ec5825e7f128012d165feb244bb645a4df555e953f93ffeb8f7bb7,0
iops,500,2,fast-address,28020,7519449,500,a64b7b46c7ec5825e7f128012d165feb244bb645a4df555e953f93ffeb8f7bb7,0
iops,500,2,fast-loop,25565,7632532,500,a64b7b46c7ec5825e7f128012d165feb244bb645a4df555e953f93ffeb8f7bb7,0
iops,500,2,python,26074,26504620,500,,0
iops,500,3,python,25064,25983871,500,,0
iops,500,3,fast-loop,24918,8502542,500,a64b7b46c7ec5825e7f128012d165feb244bb645a4df555e953f93ffeb8f7bb7,0
iops,500,3,fast-address,28444,7831416,500,a64b7b46c7ec5825e7f128012d165feb244bb645a4df555e953f93ffeb8f7bb7,0
iops,500,3,fast-slots,33254,7869111,500,a64b7b46c7ec5825e7f128012d165feb244bb645a4df555e953f93ffeb8f7bb7,0
iops,500,3,fast,33115,7790835,500,a64b7b46c7ec5825e7f128012d165feb244bb645a4df555e953f93ffeb8f7bb7,0
iops,500,3,fast-pc,39944,7899498,500,a64b7b46c7ec5825e7f128012d165feb244bb645a4df555e953f93ffeb8f7bb7,0
iops,500,3,fast-commit,50744,7576100,500,a64b7b46c7ec5825e7f128012d165feb244bb645a4df555e953f93ffeb8f7bb7,0
iops,500,3,aot,49385,8114547,500,a64b7b46c7ec5825e7f128012d165feb244bb645a4df555e953f93ffeb8f7bb7,0
iops,500,4,aot,50666,8092678,500,a64b7b46c7ec5825e7f128012d165feb244bb645a4df555e953f93ffeb8f7bb7,0
iops,500,4,fast-commit,50792,8389235,500,a64b7b46c7ec5825e7f128012d165feb244bb645a4df555e953f93ffeb8f7bb7,0
iops,500,4,fast-pc,41417,7624238,500,a64b7b46c7ec5825e7f128012d165feb244bb645a4df555e953f93ffeb8f7bb7,0
iops,500,4,fast,32418,7493779,500,a64b7b46c7ec5825e7f128012d165feb244bb645a4df555e953f93ffeb8f7bb7,0
iops,500,4,fast-slots,33007,7932674,500,a64b7b46c7ec5825e7f128012d165feb244bb645a4df555e953f93ffeb8f7bb7,0
iops,500,4,fast-address,28753,7772937,500,a64b7b46c7ec5825e7f128012d165feb244bb645a4df555e953f93ffeb8f7bb7,0
iops,500,4,fast-loop,28138,7753601,500,a64b7b46c7ec5825e7f128012d165feb244bb645a4df555e953f93ffeb8f7bb7,0
iops,500,4,python,27055,26608146,500,,0
iops,500,5,python,26250,26037055,500,,0
iops,500,5,fast-loop,24802,8166482,500,a64b7b46c7ec5825e7f128012d165feb244bb645a4df555e953f93ffeb8f7bb7,0
iops,500,5,fast-address,28646,7783844,500,a64b7b46c7ec5825e7f128012d165feb244bb645a4df555e953f93ffeb8f7bb7,0
iops,500,5,fast-slots,33758,7517057,500,a64b7b46c7ec5825e7f128012d165feb244bb645a4df555e953f93ffeb8f7bb7,0
iops,500,5,fast,33603,7419556,500,a64b7b46c7ec5825e7f128012d165feb244bb645a4df555e953f93ffeb8f7bb7,0
iops,500,5,fast-pc,42487,7654619,500,a64b7b46c7ec5825e7f128012d165feb244bb645a4df555e953f93ffeb8f7bb7,0
iops,500,5,fast-commit,52199,7994654,500,a64b7b46c7ec5825e7f128012d165feb244bb645a4df555e953f93ffeb8f7bb7,0
iops,500,5,aot,53167,7431391,500,a64b7b46c7ec5825e7f128012d165feb244bb645a4df555e953f93ffeb8f7bb7,0
iops,500,6,aot,51997,7851549,500,a64b7b46c7ec5825e7f128012d165feb244bb645a4df555e953f93ffeb8f7bb7,0
iops,500,6,fast-commit,51660,7857449,500,a64b7b46c7ec5825e7f128012d165feb244bb645a4df555e953f93ffeb8f7bb7,0
iops,500,6,fast-pc,42061,7627875,500,a64b7b46c7ec5825e7f128012d165feb244bb645a4df555e953f93ffeb8f7bb7,0
iops,500,6,fast,53051,7494065,500,a64b7b46c7ec5825e7f128012d165feb244bb645a4df555e953f93ffeb8f7bb7,0
iops,500,6,fast-slots,32549,8020165,500,a64b7b46c7ec5825e7f128012d165feb244bb645a4df555e953f93ffeb8f7bb7,0
iops,500,6,fast-address,28630,8160277,500,a64b7b46c7ec5825e7f128012d165feb244bb645a4df555e953f93ffeb8f7bb7,0
iops,500,6,fast-loop,24868,7952666,500,a64b7b46c7ec5825e7f128012d165feb244bb645a4df555e953f93ffeb8f7bb7,0
iops,500,6,python,25048,26610310,500,,0
iops,500,7,python,26746,25865539,500,,0
iops,500,7,fast-loop,24314,7637952,500,a64b7b46c7ec5825e7f128012d165feb244bb645a4df555e953f93ffeb8f7bb7,0
iops,500,7,fast-address,27932,7795101,500,a64b7b46c7ec5825e7f128012d165feb244bb645a4df555e953f93ffeb8f7bb7,0
iops,500,7,fast-slots,40727,7619853,500,a64b7b46c7ec5825e7f128012d165feb244bb645a4df555e953f93ffeb8f7bb7,0
iops,500,7,fast,33216,7581849,500,a64b7b46c7ec5825e7f128012d165feb244bb645a4df555e953f93ffeb8f7bb7,0
iops,500,7,fast-pc,60998,7481894,500,a64b7b46c7ec5825e7f128012d165feb244bb645a4df555e953f93ffeb8f7bb7,0
iops,500,7,fast-commit,51695,7752053,500,a64b7b46c7ec5825e7f128012d165feb244bb645a4df555e953f93ffeb8f7bb7,0
iops,500,7,aot,52861,7852020,500,a64b7b46c7ec5825e7f128012d165feb244bb645a4df555e953f93ffeb8f7bb7,0
iops,500,8,aot,49124,7667661,500,a64b7b46c7ec5825e7f128012d165feb244bb645a4df555e953f93ffeb8f7bb7,0
iops,500,8,fast-commit,50597,7679399,500,a64b7b46c7ec5825e7f128012d165feb244bb645a4df555e953f93ffeb8f7bb7,0
iops,500,8,fast-pc,42893,7627724,500,a64b7b46c7ec5825e7f128012d165feb244bb645a4df555e953f93ffeb8f7bb7,0
iops,500,8,fast,35073,7696680,500,a64b7b46c7ec5825e7f128012d165feb244bb645a4df555e953f93ffeb8f7bb7,0
iops,500,8,fast-slots,33529,7774532,500,a64b7b46c7ec5825e7f128012d165feb244bb645a4df555e953f93ffeb8f7bb7,0
iops,500,8,fast-address,28282,7476826,500,a64b7b46c7ec5825e7f128012d165feb244bb645a4df555e953f93ffeb8f7bb7,0
iops,500,8,fast-loop,24612,7559650,500,a64b7b46c7ec5825e7f128012d165feb244bb645a4df555e953f93ffeb8f7bb7,0
iops,500,8,python,25842,26556565,500,,0
iops,1000,0,aot,95573,7491628,1000,d57fe0c59c6a37b321006043ad7394308b730285e48264b53f5fa78731471d58,0
iops,1000,0,fast-commit,114364,7550056,1000,d57fe0c59c6a37b321006043ad7394308b730285e48264b53f5fa78731471d58,0
iops,1000,0,fast-pc,75907,7481628,1000,d57fe0c59c6a37b321006043ad7394308b730285e48264b53f5fa78731471d58,0
iops,1000,0,fast,60512,7306642,1000,d57fe0c59c6a37b321006043ad7394308b730285e48264b53f5fa78731471d58,0
iops,1000,0,fast-slots,60121,7268644,1000,d57fe0c59c6a37b321006043ad7394308b730285e48264b53f5fa78731471d58,0
iops,1000,0,fast-address,51106,7796920,1000,d57fe0c59c6a37b321006043ad7394308b730285e48264b53f5fa78731471d58,0
iops,1000,0,fast-loop,45397,7384925,1000,d57fe0c59c6a37b321006043ad7394308b730285e48264b53f5fa78731471d58,0
iops,1000,0,python,48820,26402811,1000,,0
iops,1000,1,python,49027,26163490,1000,,0
iops,1000,1,fast-loop,45030,8032032,1000,d57fe0c59c6a37b321006043ad7394308b730285e48264b53f5fa78731471d58,0
iops,1000,1,fast-address,70605,7701927,1000,d57fe0c59c6a37b321006043ad7394308b730285e48264b53f5fa78731471d58,0
iops,1000,1,fast-slots,61172,7556693,1000,d57fe0c59c6a37b321006043ad7394308b730285e48264b53f5fa78731471d58,0
iops,1000,1,fast,60720,7789754,1000,d57fe0c59c6a37b321006043ad7394308b730285e48264b53f5fa78731471d58,0
iops,1000,1,fast-pc,79260,7708155,1000,d57fe0c59c6a37b321006043ad7394308b730285e48264b53f5fa78731471d58,0
iops,1000,1,fast-commit,96333,7505873,1000,d57fe0c59c6a37b321006043ad7394308b730285e48264b53f5fa78731471d58,0
iops,1000,1,aot,100788,7533753,1000,d57fe0c59c6a37b321006043ad7394308b730285e48264b53f5fa78731471d58,0
iops,1000,2,aot,96874,7745435,1000,d57fe0c59c6a37b321006043ad7394308b730285e48264b53f5fa78731471d58,0
iops,1000,2,fast-commit,98262,7568580,1000,d57fe0c59c6a37b321006043ad7394308b730285e48264b53f5fa78731471d58,0
iops,1000,2,fast-pc,82526,7548491,1000,d57fe0c59c6a37b321006043ad7394308b730285e48264b53f5fa78731471d58,0
iops,1000,2,fast,76175,7639812,1000,d57fe0c59c6a37b321006043ad7394308b730285e48264b53f5fa78731471d58,0
iops,1000,2,fast-slots,62868,7554776,1000,d57fe0c59c6a37b321006043ad7394308b730285e48264b53f5fa78731471d58,0
iops,1000,2,fast-address,72138,7453171,1000,d57fe0c59c6a37b321006043ad7394308b730285e48264b53f5fa78731471d58,0
iops,1000,2,fast-loop,44945,7790753,1000,d57fe0c59c6a37b321006043ad7394308b730285e48264b53f5fa78731471d58,0
iops,1000,2,python,51863,27416835,1000,,0
iops,1000,3,python,48591,25867591,1000,,0
iops,1000,3,fast-loop,44888,7867813,1000,d57fe0c59c6a37b321006043ad7394308b730285e48264b53f5fa78731471d58,0
iops,1000,3,fast-address,50425,9559931,1000,d57fe0c59c6a37b321006043ad7394308b730285e48264b53f5fa78731471d58,0
iops,1000,3,fast-slots,68710,7738694,1000,d57fe0c59c6a37b321006043ad7394308b730285e48264b53f5fa78731471d58,0
iops,1000,3,fast,62322,7850819,1000,d57fe0c59c6a37b321006043ad7394308b730285e48264b53f5fa78731471d58,0
iops,1000,3,fast-pc,79367,7709526,1000,d57fe0c59c6a37b321006043ad7394308b730285e48264b53f5fa78731471d58,0
iops,1000,3,fast-commit,97722,7451852,1000,d57fe0c59c6a37b321006043ad7394308b730285e48264b53f5fa78731471d58,0
iops,1000,3,aot,94698,7696914,1000,d57fe0c59c6a37b321006043ad7394308b730285e48264b53f5fa78731471d58,0
iops,1000,4,aot,99391,7594587,1000,d57fe0c59c6a37b321006043ad7394308b730285e48264b53f5fa78731471d58,0
iops,1000,4,fast-commit,96767,7816040,1000,d57fe0c59c6a37b321006043ad7394308b730285e48264b53f5fa78731471d58,0
iops,1000,4,fast-pc,82092,7739067,1000,d57fe0c59c6a37b321006043ad7394308b730285e48264b53f5fa78731471d58,0
iops,1000,4,fast,62818,7691308,1000,d57fe0c59c6a37b321006043ad7394308b730285e48264b53f5fa78731471d58,0
iops,1000,4,fast-slots,63659,7620966,1000,d57fe0c59c6a37b321006043ad7394308b730285e48264b53f5fa78731471d58,0
iops,1000,4,fast-address,52743,7648215,1000,d57fe0c59c6a37b321006043ad7394308b730285e48264b53f5fa78731471d58,0
iops,1000,4,fast-loop,44934,7460664,1000,d57fe0c59c6a37b321006043ad7394308b730285e48264b53f5fa78731471d58,0
iops,1000,4,python,49319,26774111,1000,,0
iops,1000,5,python,50010,25687143,1000,,0
iops,1000,5,fast-loop,43969,7685268,1000,d57fe0c59c6a37b321006043ad7394308b730285e48264b53f5fa78731471d58,0
iops,1000,5,fast-address,51045,7525124,1000,d57fe0c59c6a37b321006043ad7394308b730285e48264b53f5fa78731471d58,0
iops,1000,5,fast-slots,63205,7218458,1000,d57fe0c59c6a37b321006043ad7394308b730285e48264b53f5fa78731471d58,0
iops,1000,5,fast,61736,7466224,1000,d57fe0c59c6a37b321006043ad7394308b730285e48264b53f5fa78731471d58,0
iops,1000,5,fast-pc,82341,7496100,1000,d57fe0c59c6a37b321006043ad7394308b730285e48264b53f5fa78731471d58,0
iops,1000,5,fast-commit,97637,8130145,1000,d57fe0c59c6a37b321006043ad7394308b730285e48264b53f5fa78731471d58,0
iops,1000,5,aot,115148,7564173,1000,d57fe0c59c6a37b321006043ad7394308b730285e48264b53f5fa78731471d58,0
iops,1000,6,aot,93414,7746612,1000,d57fe0c59c6a37b321006043ad7394308b730285e48264b53f5fa78731471d58,0
iops,1000,6,fast-commit,96975,8075634,1000,d57fe0c59c6a37b321006043ad7394308b730285e48264b53f5fa78731471d58,0
iops,1000,6,fast-pc,78376,8124049,1000,d57fe0c59c6a37b321006043ad7394308b730285e48264b53f5fa78731471d58,0
iops,1000,6,fast,60043,7857485,1000,d57fe0c59c6a37b321006043ad7394308b730285e48264b53f5fa78731471d58,0
iops,1000,6,fast-slots,61563,10806554,1000,d57fe0c59c6a37b321006043ad7394308b730285e48264b53f5fa78731471d58,0
iops,1000,6,fast-address,52315,9469465,1000,d57fe0c59c6a37b321006043ad7394308b730285e48264b53f5fa78731471d58,0
iops,1000,6,fast-loop,44526,7907748,1000,d57fe0c59c6a37b321006043ad7394308b730285e48264b53f5fa78731471d58,0
iops,1000,6,python,50334,26890928,1000,,0
iops,1000,7,python,49532,25977971,1000,,0
iops,1000,7,fast-loop,44178,8146456,1000,d57fe0c59c6a37b321006043ad7394308b730285e48264b53f5fa78731471d58,0
iops,1000,7,fast-address,53420,7662072,1000,d57fe0c59c6a37b321006043ad7394308b730285e48264b53f5fa78731471d58,0
iops,1000,7,fast-slots,61074,7872240,1000,d57fe0c59c6a37b321006043ad7394308b730285e48264b53f5fa78731471d58,0
iops,1000,7,fast,61262,7514154,1000,d57fe0c59c6a37b321006043ad7394308b730285e48264b53f5fa78731471d58,0
iops,1000,7,fast-pc,78017,7541927,1000,d57fe0c59c6a37b321006043ad7394308b730285e48264b53f5fa78731471d58,0
iops,1000,7,fast-commit,96551,7557309,1000,d57fe0c59c6a37b321006043ad7394308b730285e48264b53f5fa78731471d58,0
iops,1000,7,aot,98222,7634731,1000,d57fe0c59c6a37b321006043ad7394308b730285e48264b53f5fa78731471d58,0
iops,1000,8,aot,99998,8375198,1000,d57fe0c59c6a37b321006043ad7394308b730285e48264b53f5fa78731471d58,0
iops,1000,8,fast-commit,97106,8401304,1000,d57fe0c59c6a37b321006043ad7394308b730285e48264b53f5fa78731471d58,0
iops,1000,8,fast-pc,78364,7723644,1000,d57fe0c59c6a37b321006043ad7394308b730285e48264b53f5fa78731471d58,0
iops,1000,8,fast,62799,7703216,1000,d57fe0c59c6a37b321006043ad7394308b730285e48264b53f5fa78731471d58,0
iops,1000,8,fast-slots,61167,7715389,1000,d57fe0c59c6a37b321006043ad7394308b730285e48264b53f5fa78731471d58,0
iops,1000,8,fast-address,50503,7624546,1000,d57fe0c59c6a37b321006043ad7394308b730285e48264b53f5fa78731471d58,0
iops,1000,8,fast-loop,44891,7779232,1000,d57fe0c59c6a37b321006043ad7394308b730285e48264b53f5fa78731471d58,0
iops,1000,8,python,52576,26637106,1000,,0
iops,2000,0,aot,189752,7741341,2000,917c0d1d4b02ba1dbf674658c9805257f57d8aea1fe33b2621172d6b8cc4c4f2,0
iops,2000,0,fast-commit,203173,7775679,2000,917c0d1d4b02ba1dbf674658c9805257f57d8aea1fe33b2621172d6b8cc4c4f2,0
iops,2000,0,fast-pc,143250,8176664,2000,917c0d1d4b02ba1dbf674658c9805257f57d8aea1fe33b2621172d6b8cc4c4f2,0
iops,2000,0,fast,117753,8064661,2000,917c0d1d4b02ba1dbf674658c9805257f57d8aea1fe33b2621172d6b8cc4c4f2,0
iops,2000,0,fast-slots,116385,7975237,2000,917c0d1d4b02ba1dbf674658c9805257f57d8aea1fe33b2621172d6b8cc4c4f2,0
iops,2000,0,fast-address,98048,7610055,2000,917c0d1d4b02ba1dbf674658c9805257f57d8aea1fe33b2621172d6b8cc4c4f2,0
iops,2000,0,fast-loop,85180,7785711,2000,917c0d1d4b02ba1dbf674658c9805257f57d8aea1fe33b2621172d6b8cc4c4f2,0
iops,2000,0,python,118249,26754854,2000,,0
iops,2000,1,python,94957,25624247,2000,,0
iops,2000,1,fast-loop,82711,8348128,2000,917c0d1d4b02ba1dbf674658c9805257f57d8aea1fe33b2621172d6b8cc4c4f2,0
iops,2000,1,fast-address,98466,7801025,2000,917c0d1d4b02ba1dbf674658c9805257f57d8aea1fe33b2621172d6b8cc4c4f2,0
iops,2000,1,fast-slots,118504,7582217,2000,917c0d1d4b02ba1dbf674658c9805257f57d8aea1fe33b2621172d6b8cc4c4f2,0
iops,2000,1,fast,115234,7500111,2000,917c0d1d4b02ba1dbf674658c9805257f57d8aea1fe33b2621172d6b8cc4c4f2,0
iops,2000,1,fast-pc,146981,7792817,2000,917c0d1d4b02ba1dbf674658c9805257f57d8aea1fe33b2621172d6b8cc4c4f2,0
iops,2000,1,fast-commit,195037,7692680,2000,917c0d1d4b02ba1dbf674658c9805257f57d8aea1fe33b2621172d6b8cc4c4f2,0
iops,2000,1,aot,183504,7770204,2000,917c0d1d4b02ba1dbf674658c9805257f57d8aea1fe33b2621172d6b8cc4c4f2,0
iops,2000,2,aot,185004,7849586,2000,917c0d1d4b02ba1dbf674658c9805257f57d8aea1fe33b2621172d6b8cc4c4f2,0
iops,2000,2,fast-commit,188983,7595053,2000,917c0d1d4b02ba1dbf674658c9805257f57d8aea1fe33b2621172d6b8cc4c4f2,0
iops,2000,2,fast-pc,146109,7751224,2000,917c0d1d4b02ba1dbf674658c9805257f57d8aea1fe33b2621172d6b8cc4c4f2,0
iops,2000,2,fast,113914,7866893,2000,917c0d1d4b02ba1dbf674658c9805257f57d8aea1fe33b2621172d6b8cc4c4f2,0
iops,2000,2,fast-slots,115374,7966048,2000,917c0d1d4b02ba1dbf674658c9805257f57d8aea1fe33b2621172d6b8cc4c4f2,0
iops,2000,2,fast-address,169653,7993558,2000,917c0d1d4b02ba1dbf674658c9805257f57d8aea1fe33b2621172d6b8cc4c4f2,0
iops,2000,2,fast-loop,84610,7504501,2000,917c0d1d4b02ba1dbf674658c9805257f57d8aea1fe33b2621172d6b8cc4c4f2,0
iops,2000,2,python,95726,26978901,2000,,0
iops,2000,3,python,96495,25921278,2000,,0
iops,2000,3,fast-loop,88423,7804833,2000,917c0d1d4b02ba1dbf674658c9805257f57d8aea1fe33b2621172d6b8cc4c4f2,0
iops,2000,3,fast-address,100713,7697096,2000,917c0d1d4b02ba1dbf674658c9805257f57d8aea1fe33b2621172d6b8cc4c4f2,0
iops,2000,3,fast-slots,113817,7571912,2000,917c0d1d4b02ba1dbf674658c9805257f57d8aea1fe33b2621172d6b8cc4c4f2,0
iops,2000,3,fast,115422,7400784,2000,917c0d1d4b02ba1dbf674658c9805257f57d8aea1fe33b2621172d6b8cc4c4f2,0
iops,2000,3,fast-pc,147084,7542012,2000,917c0d1d4b02ba1dbf674658c9805257f57d8aea1fe33b2621172d6b8cc4c4f2,0
iops,2000,3,fast-commit,195865,7481646,2000,917c0d1d4b02ba1dbf674658c9805257f57d8aea1fe33b2621172d6b8cc4c4f2,0
iops,2000,3,aot,195336,7633933,2000,917c0d1d4b02ba1dbf674658c9805257f57d8aea1fe33b2621172d6b8cc4c4f2,0
iops,2000,4,aot,188697,7866996,2000,917c0d1d4b02ba1dbf674658c9805257f57d8aea1fe33b2621172d6b8cc4c4f2,0
iops,2000,4,fast-commit,192529,7885730,2000,917c0d1d4b02ba1dbf674658c9805257f57d8aea1fe33b2621172d6b8cc4c4f2,0
iops,2000,4,fast-pc,151328,7711842,2000,917c0d1d4b02ba1dbf674658c9805257f57d8aea1fe33b2621172d6b8cc4c4f2,0
iops,2000,4,fast,112395,7537141,2000,917c0d1d4b02ba1dbf674658c9805257f57d8aea1fe33b2621172d6b8cc4c4f2,0
iops,2000,4,fast-slots,115057,7483197,2000,917c0d1d4b02ba1dbf674658c9805257f57d8aea1fe33b2621172d6b8cc4c4f2,0
iops,2000,4,fast-address,97528,7675172,2000,917c0d1d4b02ba1dbf674658c9805257f57d8aea1fe33b2621172d6b8cc4c4f2,0
iops,2000,4,fast-loop,85503,8082246,2000,917c0d1d4b02ba1dbf674658c9805257f57d8aea1fe33b2621172d6b8cc4c4f2,0
iops,2000,4,python,96101,26623626,2000,,0
iops,2000,5,python,95076,26402547,2000,,0
iops,2000,5,fast-loop,85754,7990832,2000,917c0d1d4b02ba1dbf674658c9805257f57d8aea1fe33b2621172d6b8cc4c4f2,0
iops,2000,5,fast-address,119030,7625233,2000,917c0d1d4b02ba1dbf674658c9805257f57d8aea1fe33b2621172d6b8cc4c4f2,0
iops,2000,5,fast-slots,123593,7642975,2000,917c0d1d4b02ba1dbf674658c9805257f57d8aea1fe33b2621172d6b8cc4c4f2,0
iops,2000,5,fast,116819,7572723,2000,917c0d1d4b02ba1dbf674658c9805257f57d8aea1fe33b2621172d6b8cc4c4f2,0
iops,2000,5,fast-pc,149230,7881144,2000,917c0d1d4b02ba1dbf674658c9805257f57d8aea1fe33b2621172d6b8cc4c4f2,0
iops,2000,5,fast-commit,191959,7525791,2000,917c0d1d4b02ba1dbf674658c9805257f57d8aea1fe33b2621172d6b8cc4c4f2,0
iops,2000,5,aot,188828,7890901,2000,917c0d1d4b02ba1dbf674658c9805257f57d8aea1fe33b2621172d6b8cc4c4f2,0
iops,2000,6,aot,183492,8038306,2000,917c0d1d4b02ba1dbf674658c9805257f57d8aea1fe33b2621172d6b8cc4c4f2,0
iops,2000,6,fast-commit,193300,7647766,2000,917c0d1d4b02ba1dbf674658c9805257f57d8aea1fe33b2621172d6b8cc4c4f2,0
iops,2000,6,fast-pc,154804,7675812,2000,917c0d1d4b02ba1dbf674658c9805257f57d8aea1fe33b2621172d6b8cc4c4f2,0
iops,2000,6,fast,114900,7564719,2000,917c0d1d4b02ba1dbf674658c9805257f57d8aea1fe33b2621172d6b8cc4c4f2,0
iops,2000,6,fast-slots,118961,7779289,2000,917c0d1d4b02ba1dbf674658c9805257f57d8aea1fe33b2621172d6b8cc4c4f2,0
iops,2000,6,fast-address,98886,7504339,2000,917c0d1d4b02ba1dbf674658c9805257f57d8aea1fe33b2621172d6b8cc4c4f2,0
iops,2000,6,fast-loop,87047,7565996,2000,917c0d1d4b02ba1dbf674658c9805257f57d8aea1fe33b2621172d6b8cc4c4f2,0
iops,2000,6,python,94995,26661905,2000,,0
iops,2000,7,python,94840,26078114,2000,,0
iops,2000,7,fast-loop,85272,7793208,2000,917c0d1d4b02ba1dbf674658c9805257f57d8aea1fe33b2621172d6b8cc4c4f2,0
iops,2000,7,fast-address,98165,7838019,2000,917c0d1d4b02ba1dbf674658c9805257f57d8aea1fe33b2621172d6b8cc4c4f2,0
iops,2000,7,fast-slots,119929,7569258,2000,917c0d1d4b02ba1dbf674658c9805257f57d8aea1fe33b2621172d6b8cc4c4f2,0
iops,2000,7,fast,117445,7890536,2000,917c0d1d4b02ba1dbf674658c9805257f57d8aea1fe33b2621172d6b8cc4c4f2,0
iops,2000,7,fast-pc,154168,7842746,2000,917c0d1d4b02ba1dbf674658c9805257f57d8aea1fe33b2621172d6b8cc4c4f2,0
iops,2000,7,fast-commit,188590,7856878,2000,917c0d1d4b02ba1dbf674658c9805257f57d8aea1fe33b2621172d6b8cc4c4f2,0
iops,2000,7,aot,190875,7978706,2000,917c0d1d4b02ba1dbf674658c9805257f57d8aea1fe33b2621172d6b8cc4c4f2,0
iops,2000,8,aot,202166,8005753,2000,917c0d1d4b02ba1dbf674658c9805257f57d8aea1fe33b2621172d6b8cc4c4f2,0
iops,2000,8,fast-commit,189112,8284956,2000,917c0d1d4b02ba1dbf674658c9805257f57d8aea1fe33b2621172d6b8cc4c4f2,0
iops,2000,8,fast-pc,146674,7963083,2000,917c0d1d4b02ba1dbf674658c9805257f57d8aea1fe33b2621172d6b8cc4c4f2,0
iops,2000,8,fast,114094,7679046,2000,917c0d1d4b02ba1dbf674658c9805257f57d8aea1fe33b2621172d6b8cc4c4f2,0
iops,2000,8,fast-slots,115080,7569023,2000,917c0d1d4b02ba1dbf674658c9805257f57d8aea1fe33b2621172d6b8cc4c4f2,0
iops,2000,8,fast-address,99355,7881926,2000,917c0d1d4b02ba1dbf674658c9805257f57d8aea1fe33b2621172d6b8cc4c4f2,0
iops,2000,8,fast-loop,83974,7910808,2000,917c0d1d4b02ba1dbf674658c9805257f57d8aea1fe33b2621172d6b8cc4c4f2,0
iops,2000,8,python,94252,27005445,2000,,0
iops,200000,0,aot,17726252,25552604,200000,cc4caa306c90dca4ddc497d4e89f14c4f50241563a3cd2febd9695671e65422b,0
iops,200000,0,fast-commit,18002538,25937554,200000,cc4caa306c90dca4ddc497d4e89f14c4f50241563a3cd2febd9695671e65422b,0
iops,200000,0,fast-pc,14649877,22485955,200000,cc4caa306c90dca4ddc497d4e89f14c4f50241563a3cd2febd9695671e65422b,0
iops,200000,0,fast,11332757,19122700,200000,cc4caa306c90dca4ddc497d4e89f14c4f50241563a3cd2febd9695671e65422b,0
iops,200000,0,fast-slots,10741779,18234980,200000,cc4caa306c90dca4ddc497d4e89f14c4f50241563a3cd2febd9695671e65422b,0
iops,200000,0,fast-address,9108294,16696166,200000,cc4caa306c90dca4ddc497d4e89f14c4f50241563a3cd2febd9695671e65422b,0
iops,200000,0,fast-loop,8091197,16120035,200000,cc4caa306c90dca4ddc497d4e89f14c4f50241563a3cd2febd9695671e65422b,0
iops,200000,0,python,9211630,35594959,200000,,0
iops,200000,1,python,8855949,34267184,200000,,0
iops,200000,1,fast-loop,8187621,16166311,200000,cc4caa306c90dca4ddc497d4e89f14c4f50241563a3cd2febd9695671e65422b,0
iops,200000,1,fast-address,9178636,16683216,200000,cc4caa306c90dca4ddc497d4e89f14c4f50241563a3cd2febd9695671e65422b,0
iops,200000,1,fast-slots,11066441,18306139,200000,cc4caa306c90dca4ddc497d4e89f14c4f50241563a3cd2febd9695671e65422b,0
iops,200000,1,fast,11202548,19343157,200000,cc4caa306c90dca4ddc497d4e89f14c4f50241563a3cd2febd9695671e65422b,0
iops,200000,1,fast-pc,13470910,21030938,200000,cc4caa306c90dca4ddc497d4e89f14c4f50241563a3cd2febd9695671e65422b,0
iops,200000,1,fast-commit,17915935,25656855,200000,cc4caa306c90dca4ddc497d4e89f14c4f50241563a3cd2febd9695671e65422b,0
iops,200000,1,aot,18187271,25591892,200000,cc4caa306c90dca4ddc497d4e89f14c4f50241563a3cd2febd9695671e65422b,0
iops,200000,2,aot,17387042,25039291,200000,cc4caa306c90dca4ddc497d4e89f14c4f50241563a3cd2febd9695671e65422b,0
iops,200000,2,fast-commit,17527652,25360539,200000,cc4caa306c90dca4ddc497d4e89f14c4f50241563a3cd2febd9695671e65422b,0
iops,200000,2,fast-pc,13751359,21254615,200000,cc4caa306c90dca4ddc497d4e89f14c4f50241563a3cd2febd9695671e65422b,0
iops,200000,2,fast,10889166,18428575,200000,cc4caa306c90dca4ddc497d4e89f14c4f50241563a3cd2febd9695671e65422b,0
iops,200000,2,fast-slots,11034439,18666296,200000,cc4caa306c90dca4ddc497d4e89f14c4f50241563a3cd2febd9695671e65422b,0
iops,200000,2,fast-address,9337766,17475796,200000,cc4caa306c90dca4ddc497d4e89f14c4f50241563a3cd2febd9695671e65422b,0
iops,200000,2,fast-loop,8135095,15989496,200000,cc4caa306c90dca4ddc497d4e89f14c4f50241563a3cd2febd9695671e65422b,0
iops,200000,2,python,9849621,36188512,200000,,0
iops,200000,3,python,8661639,34207726,200000,,0
iops,200000,3,fast-loop,8047095,15675759,200000,cc4caa306c90dca4ddc497d4e89f14c4f50241563a3cd2febd9695671e65422b,0
iops,200000,3,fast-address,8928168,16502714,200000,cc4caa306c90dca4ddc497d4e89f14c4f50241563a3cd2febd9695671e65422b,0
iops,200000,3,fast-slots,10801481,18428185,200000,cc4caa306c90dca4ddc497d4e89f14c4f50241563a3cd2febd9695671e65422b,0
iops,200000,3,fast,10915723,18485718,200000,cc4caa306c90dca4ddc497d4e89f14c4f50241563a3cd2febd9695671e65422b,0
iops,200000,3,fast-pc,13791238,21404073,200000,cc4caa306c90dca4ddc497d4e89f14c4f50241563a3cd2febd9695671e65422b,0
iops,200000,3,fast-commit,18540217,26949987,200000,cc4caa306c90dca4ddc497d4e89f14c4f50241563a3cd2febd9695671e65422b,0
iops,200000,3,aot,18250782,25947045,200000,cc4caa306c90dca4ddc497d4e89f14c4f50241563a3cd2febd9695671e65422b,0
iops,200000,4,aot,17487948,25427169,200000,cc4caa306c90dca4ddc497d4e89f14c4f50241563a3cd2febd9695671e65422b,0
iops,200000,4,fast-commit,17409610,24877042,200000,cc4caa306c90dca4ddc497d4e89f14c4f50241563a3cd2febd9695671e65422b,0
iops,200000,4,fast-pc,13934917,21767343,200000,cc4caa306c90dca4ddc497d4e89f14c4f50241563a3cd2febd9695671e65422b,0
iops,200000,4,fast,10594039,18161683,200000,cc4caa306c90dca4ddc497d4e89f14c4f50241563a3cd2febd9695671e65422b,0
iops,200000,4,fast-slots,11016121,18991136,200000,cc4caa306c90dca4ddc497d4e89f14c4f50241563a3cd2febd9695671e65422b,0
iops,200000,4,fast-address,9403224,17396085,200000,cc4caa306c90dca4ddc497d4e89f14c4f50241563a3cd2febd9695671e65422b,0
iops,200000,4,fast-loop,8064146,15534122,200000,cc4caa306c90dca4ddc497d4e89f14c4f50241563a3cd2febd9695671e65422b,0
iops,200000,4,python,9090789,36118657,200000,,0
iops,200000,5,python,9073459,34706042,200000,,0
iops,200000,5,fast-loop,8177443,16056673,200000,cc4caa306c90dca4ddc497d4e89f14c4f50241563a3cd2febd9695671e65422b,0
iops,200000,5,fast-address,9411784,17305662,200000,cc4caa306c90dca4ddc497d4e89f14c4f50241563a3cd2febd9695671e65422b,0
iops,200000,5,fast-slots,10754588,18288820,200000,cc4caa306c90dca4ddc497d4e89f14c4f50241563a3cd2febd9695671e65422b,0
iops,200000,5,fast,10682830,18218429,200000,cc4caa306c90dca4ddc497d4e89f14c4f50241563a3cd2febd9695671e65422b,0
iops,200000,5,fast-pc,14070054,21988793,200000,cc4caa306c90dca4ddc497d4e89f14c4f50241563a3cd2febd9695671e65422b,0
iops,200000,5,fast-commit,18141289,25689583,200000,cc4caa306c90dca4ddc497d4e89f14c4f50241563a3cd2febd9695671e65422b,0
iops,200000,5,aot,17906340,25923098,200000,cc4caa306c90dca4ddc497d4e89f14c4f50241563a3cd2febd9695671e65422b,0
iops,200000,6,aot,17358157,25336027,200000,cc4caa306c90dca4ddc497d4e89f14c4f50241563a3cd2febd9695671e65422b,0
iops,200000,6,fast-commit,18456912,26268171,200000,cc4caa306c90dca4ddc497d4e89f14c4f50241563a3cd2febd9695671e65422b,0
iops,200000,6,fast-pc,14414231,22080542,200000,cc4caa306c90dca4ddc497d4e89f14c4f50241563a3cd2febd9695671e65422b,0
iops,200000,6,fast,11026737,18572407,200000,cc4caa306c90dca4ddc497d4e89f14c4f50241563a3cd2febd9695671e65422b,0
iops,200000,6,fast-slots,11083330,18537677,200000,cc4caa306c90dca4ddc497d4e89f14c4f50241563a3cd2febd9695671e65422b,0
iops,200000,6,fast-address,9152446,16773080,200000,cc4caa306c90dca4ddc497d4e89f14c4f50241563a3cd2febd9695671e65422b,0
iops,200000,6,fast-loop,8189474,16064312,200000,cc4caa306c90dca4ddc497d4e89f14c4f50241563a3cd2febd9695671e65422b,0
iops,200000,6,python,9016710,35519050,200000,,0
iops,200000,7,python,9121011,35200258,200000,,0
iops,200000,7,fast-loop,7936087,15902889,200000,cc4caa306c90dca4ddc497d4e89f14c4f50241563a3cd2febd9695671e65422b,0
iops,200000,7,fast-address,9229388,16875283,200000,cc4caa306c90dca4ddc497d4e89f14c4f50241563a3cd2febd9695671e65422b,0
iops,200000,7,fast-slots,10665468,18300876,200000,cc4caa306c90dca4ddc497d4e89f14c4f50241563a3cd2febd9695671e65422b,0
iops,200000,7,fast,10955043,18700502,200000,cc4caa306c90dca4ddc497d4e89f14c4f50241563a3cd2febd9695671e65422b,0
iops,200000,7,fast-pc,14377177,22216766,200000,cc4caa306c90dca4ddc497d4e89f14c4f50241563a3cd2febd9695671e65422b,0
iops,200000,7,fast-commit,17353884,24826549,200000,cc4caa306c90dca4ddc497d4e89f14c4f50241563a3cd2febd9695671e65422b,0
iops,200000,7,aot,17331034,25271712,200000,cc4caa306c90dca4ddc497d4e89f14c4f50241563a3cd2febd9695671e65422b,0
iops,200000,8,aot,19160249,27017894,200000,cc4caa306c90dca4ddc497d4e89f14c4f50241563a3cd2febd9695671e65422b,0
iops,200000,8,fast-commit,17434204,25399025,200000,cc4caa306c90dca4ddc497d4e89f14c4f50241563a3cd2febd9695671e65422b,0
iops,200000,8,fast-pc,14301839,22028271,200000,cc4caa306c90dca4ddc497d4e89f14c4f50241563a3cd2febd9695671e65422b,0
iops,200000,8,fast,11105212,18415533,200000,cc4caa306c90dca4ddc497d4e89f14c4f50241563a3cd2febd9695671e65422b,0
iops,200000,8,fast-slots,10832367,18808140,200000,cc4caa306c90dca4ddc497d4e89f14c4f50241563a3cd2febd9695671e65422b,0
iops,200000,8,fast-address,9247998,16773889,200000,cc4caa306c90dca4ddc497d4e89f14c4f50241563a3cd2febd9695671e65422b,0
iops,200000,8,fast-loop,8071845,15823029,200000,cc4caa306c90dca4ddc497d4e89f14c4f50241563a3cd2febd9695671e65422b,0
iops,200000,8,python,8856534,35221875,200000,,0
fib,8,0,aot,16879,7609345,21,e81752a3616d6ff8e2e013d381024ece75c459fa1b095b9ef25af1a53738e82a,0
fib,8,0,fast-commit,17540,7626539,21,e81752a3616d6ff8e2e013d381024ece75c459fa1b095b9ef25af1a53738e82a,0
fib,8,0,fast-pc,15598,7641070,21,e81752a3616d6ff8e2e013d381024ece75c459fa1b095b9ef25af1a53738e82a,0
fib,8,0,fast,13137,7652561,21,e81752a3616d6ff8e2e013d381024ece75c459fa1b095b9ef25af1a53738e82a,0
fib,8,0,fast-slots,12599,7732309,21,e81752a3616d6ff8e2e013d381024ece75c459fa1b095b9ef25af1a53738e82a,0
fib,8,0,fast-address,13968,8015307,21,e81752a3616d6ff8e2e013d381024ece75c459fa1b095b9ef25af1a53738e82a,0
fib,8,0,fast-loop,12708,8176103,21,e81752a3616d6ff8e2e013d381024ece75c459fa1b095b9ef25af1a53738e82a,0
fib,8,0,python,10759,26930752,21,,0
fib,8,1,python,9755,25740082,21,,0
fib,8,1,fast-loop,12689,8162381,21,e81752a3616d6ff8e2e013d381024ece75c459fa1b095b9ef25af1a53738e82a,0
fib,8,1,fast-address,20344,7596098,21,e81752a3616d6ff8e2e013d381024ece75c459fa1b095b9ef25af1a53738e82a,0
fib,8,1,fast-slots,12642,7561518,21,e81752a3616d6ff8e2e013d381024ece75c459fa1b095b9ef25af1a53738e82a,0
fib,8,1,fast,12633,7795822,21,e81752a3616d6ff8e2e013d381024ece75c459fa1b095b9ef25af1a53738e82a,0
fib,8,1,fast-pc,13944,7986307,21,e81752a3616d6ff8e2e013d381024ece75c459fa1b095b9ef25af1a53738e82a,0
fib,8,1,fast-commit,17100,7713882,21,e81752a3616d6ff8e2e013d381024ece75c459fa1b095b9ef25af1a53738e82a,0
fib,8,1,aot,17177,7842319,21,e81752a3616d6ff8e2e013d381024ece75c459fa1b095b9ef25af1a53738e82a,0
fib,8,2,aot,17086,7802186,21,e81752a3616d6ff8e2e013d381024ece75c459fa1b095b9ef25af1a53738e82a,0
fib,8,2,fast-commit,16878,7605559,21,e81752a3616d6ff8e2e013d381024ece75c459fa1b095b9ef25af1a53738e82a,0
fib,8,2,fast-pc,15267,7689915,21,e81752a3616d6ff8e2e013d381024ece75c459fa1b095b9ef25af1a53738e82a,0
fib,8,2,fast,13103,8247416,21,e81752a3616d6ff8e2e013d381024ece75c459fa1b095b9ef25af1a53738e82a,0
fib,8,2,fast-slots,12950,7510484,21,e81752a3616d6ff8e2e013d381024ece75c459fa1b095b9ef25af1a53738e82a,0
fib,8,2,fast-address,13415,7642334,21,e81752a3616d6ff8e2e013d381024ece75c459fa1b095b9ef25af1a53738e82a,0
fib,8,2,fast-loop,13032,7661766,21,e81752a3616d6ff8e2e013d381024ece75c459fa1b095b9ef25af1a53738e82a,0
fib,8,2,python,10283,26595588,21,,0
fib,8,3,python,10818,25637875,21,,0
fib,8,3,fast-loop,17146,8135050,21,e81752a3616d6ff8e2e013d381024ece75c459fa1b095b9ef25af1a53738e82a,0
fib,8,3,fast-address,13207,7702543,21,e81752a3616d6ff8e2e013d381024ece75c459fa1b095b9ef25af1a53738e82a,0
fib,8,3,fast-slots,12392,7581187,21,e81752a3616d6ff8e2e013d381024ece75c459fa1b095b9ef25af1a53738e82a,0
fib,8,3,fast,12319,7435648,21,e81752a3616d6ff8e2e013d381024ece75c459fa1b095b9ef25af1a53738e82a,0
fib,8,3,fast-pc,14107,7805015,21,e81752a3616d6ff8e2e013d381024ece75c459fa1b095b9ef25af1a53738e82a,0
fib,8,3,fast-commit,17030,7852549,21,e81752a3616d6ff8e2e013d381024ece75c459fa1b095b9ef25af1a53738e82a,0
fib,8,3,aot,17267,7835788,21,e81752a3616d6ff8e2e013d381024ece75c459fa1b095b9ef25af1a53738e82a,0
fib,8,4,aot,18561,8281050,21,e81752a3616d6ff8e2e013d381024ece75c459fa1b095b9ef25af1a53738e82a,0
fib,8,4,fast-commit,17286,7859981,21,e81752a3616d6ff8e2e013d381024ece75c459fa1b095b9ef25af1a53738e82a,0
fib,8,4,fast-pc,14063,8052562,21,e81752a3616d6ff8e2e013d381024ece75c459fa1b095b9ef25af1a53738e82a,0
fib,8,4,fast,12947,7821074,21,e81752a3616d6ff8e2e013d381024ece75c459fa1b095b9ef25af1a53738e82a,0
fib,8,4,fast-slots,12673,7941190,21,e81752a3616d6ff8e2e013d381024ece75c459fa1b095b9ef25af1a53738e82a,0
fib,8,4,fast-address,14122,7739721,21,e81752a3616d6ff8e2e013d381024ece75c459fa1b095b9ef25af1a53738e82a,0
fib,8,4,fast-loop,13634,7873433,21,e81752a3616d6ff8e2e013d381024ece75c459fa1b095b9ef25af1a53738e82a,0
fib,8,4,python,9916,26735464,21,,0
fib,8,5,python,9823,25606703,21,,0
fib,8,5,fast-loop,12802,7920886,21,e81752a3616d6ff8e2e013d381024ece75c459fa1b095b9ef25af1a53738e82a,0
fib,8,5,fast-address,13590,7546716,21,e81752a3616d6ff8e2e013d381024ece75c459fa1b095b9ef25af1a53738e82a,0
fib,8,5,fast-slots,12080,7607935,21,e81752a3616d6ff8e2e013d381024ece75c459fa1b095b9ef25af1a53738e82a,0
fib,8,5,fast,12555,7687573,21,e81752a3616d6ff8e2e013d381024ece75c459fa1b095b9ef25af1a53738e82a,0
fib,8,5,fast-pc,14975,7391336,21,e81752a3616d6ff8e2e013d381024ece75c459fa1b095b9ef25af1a53738e82a,0
fib,8,5,fast-commit,16788,7667240,21,e81752a3616d6ff8e2e013d381024ece75c459fa1b095b9ef25af1a53738e82a,0
fib,8,5,aot,17169,7584917,21,e81752a3616d6ff8e2e013d381024ece75c459fa1b095b9ef25af1a53738e82a,0
fib,8,6,aot,17957,7734836,21,e81752a3616d6ff8e2e013d381024ece75c459fa1b095b9ef25af1a53738e82a,0
fib,8,6,fast-commit,21950,7617136,21,e81752a3616d6ff8e2e013d381024ece75c459fa1b095b9ef25af1a53738e82a,0
fib,8,6,fast-pc,14510,7880094,21,e81752a3616d6ff8e2e013d381024ece75c459fa1b095b9ef25af1a53738e82a,0
fib,8,6,fast,12556,8324801,21,e81752a3616d6ff8e2e013d381024ece75c459fa1b095b9ef25af1a53738e82a,0
fib,8,6,fast-slots,12690,7660354,21,e81752a3616d6ff8e2e013d381024ece75c459fa1b095b9ef25af1a53738e82a,0
fib,8,6,fast-address,13479,7570222,21,e81752a3616d6ff8e2e013d381024ece75c459fa1b095b9ef25af1a53738e82a,0
fib,8,6,fast-loop,12638,7541038,21,e81752a3616d6ff8e2e013d381024ece75c459fa1b095b9ef25af1a53738e82a,0
fib,8,6,python,10308,26655707,21,,0
fib,8,7,python,10357,25682981,21,,0
fib,8,7,fast-loop,12735,7773134,21,e81752a3616d6ff8e2e013d381024ece75c459fa1b095b9ef25af1a53738e82a,0
fib,8,7,fast-address,13123,7566572,21,e81752a3616d6ff8e2e013d381024ece75c459fa1b095b9ef25af1a53738e82a,0
fib,8,7,fast-slots,12433,7744209,21,e81752a3616d6ff8e2e013d381024ece75c459fa1b095b9ef25af1a53738e82a,0
fib,8,7,fast,12469,7849395,21,e81752a3616d6ff8e2e013d381024ece75c459fa1b095b9ef25af1a53738e82a,0
fib,8,7,fast-pc,14029,7493807,21,e81752a3616d6ff8e2e013d381024ece75c459fa1b095b9ef25af1a53738e82a,0
fib,8,7,fast-commit,17326,7529807,21,e81752a3616d6ff8e2e013d381024ece75c459fa1b095b9ef25af1a53738e82a,0
fib,8,7,aot,16840,7949926,21,e81752a3616d6ff8e2e013d381024ece75c459fa1b095b9ef25af1a53738e82a,0
fib,8,8,aot,16343,7741576,21,e81752a3616d6ff8e2e013d381024ece75c459fa1b095b9ef25af1a53738e82a,0
fib,8,8,fast-commit,16714,7655618,21,e81752a3616d6ff8e2e013d381024ece75c459fa1b095b9ef25af1a53738e82a,0
fib,8,8,fast-pc,20343,7757929,21,e81752a3616d6ff8e2e013d381024ece75c459fa1b095b9ef25af1a53738e82a,0
fib,8,8,fast,12535,7721254,21,e81752a3616d6ff8e2e013d381024ece75c459fa1b095b9ef25af1a53738e82a,0
fib,8,8,fast-slots,12808,7501237,21,e81752a3616d6ff8e2e013d381024ece75c459fa1b095b9ef25af1a53738e82a,0
fib,8,8,fast-address,13371,7581762,21,e81752a3616d6ff8e2e013d381024ece75c459fa1b095b9ef25af1a53738e82a,0
fib,8,8,fast-loop,12467,7634453,21,e81752a3616d6ff8e2e013d381024ece75c459fa1b095b9ef25af1a53738e82a,0
fib,8,8,python,10541,26740372,21,,0
fib,9,0,aot,24414,7706819,34,6370c499d578c417a3ff7a4e873ce1a6de31c50dec87a6c3f2109dda8864e455,0
fib,9,0,fast-commit,22813,7735447,34,6370c499d578c417a3ff7a4e873ce1a6de31c50dec87a6c3f2109dda8864e455,0
fib,9,0,fast-pc,29355,7656587,34,6370c499d578c417a3ff7a4e873ce1a6de31c50dec87a6c3f2109dda8864e455,0
fib,9,0,fast,16291,7442125,34,6370c499d578c417a3ff7a4e873ce1a6de31c50dec87a6c3f2109dda8864e455,0
fib,9,0,fast-slots,16649,7496761,34,6370c499d578c417a3ff7a4e873ce1a6de31c50dec87a6c3f2109dda8864e455,0
fib,9,0,fast-address,18240,7434881,34,6370c499d578c417a3ff7a4e873ce1a6de31c50dec87a6c3f2109dda8864e455,0
fib,9,0,fast-loop,16387,7651388,34,6370c499d578c417a3ff7a4e873ce1a6de31c50dec87a6c3f2109dda8864e455,0
fib,9,0,python,15045,26391781,34,,0
fib,9,1,python,15333,26350654,34,,0
fib,9,1,fast-loop,17084,7897946,34,6370c499d578c417a3ff7a4e873ce1a6de31c50dec87a6c3f2109dda8864e455,0
fib,9,1,fast-address,17471,7705903,34,6370c499d578c417a3ff7a4e873ce1a6de31c50dec87a6c3f2109dda8864e455,0
fib,9,1,fast-slots,16415,7757916,34,6370c499d578c417a3ff7a4e873ce1a6de31c50dec87a6c3f2109dda8864e455,0
fib,9,1,fast,17585,7403195,34,6370c499d578c417a3ff7a4e873ce1a6de31c50dec87a6c3f2109dda8864e455,0
fib,9,1,fast-pc,29423,7562304,34,6370c499d578c417a3ff7a4e873ce1a6de31c50dec87a6c3f2109dda8864e455,0
fib,9,1,fast-commit,23729,7754094,34,6370c499d578c417a3ff7a4e873ce1a6de31c50dec87a6c3f2109dda8864e455,0
fib,9,1,aot,25105,7933729,34,6370c499d578c417a3ff7a4e873ce1a6de31c50dec87a6c3f2109dda8864e455,0
fib,9,2,aot,23975,7698085,34,6370c499d578c417a3ff7a4e873ce1a6de31c50dec87a6c3f2109dda8864e455,0
fib,9,2,fast-commit,23728,8112902,34,6370c499d578c417a3ff7a4e873ce1a6de31c50dec87a6c3f2109dda8864e455,0
fib,9,2,fast-pc,19389,7842478,34,6370c499d578c417a3ff7a4e873ce1a6de31c50dec87a6c3f2109dda8864e455,0
fib,9,2,fast,16421,9029273,34,6370c499d578c417a3ff7a4e873ce1a6de31c50dec87a6c3f2109dda8864e455,0
fib,9,2,fast-slots,17729,8142409,34,6370c499d578c417a3ff7a4e873ce1a6de31c50dec87a6c3f2109dda8864e455,0
fib,9,2,fast-address,18025,7950998,34,6370c499d578c417a3ff7a4e873ce1a6de31c50dec87a6c3f2109dda8864e455,0
fib,9,2,fast-loop,16440,7802750,34,6370c499d578c417a3ff7a4e873ce1a6de31c50dec87a6c3f2109dda8864e455,0
fib,9,2,python,15129,26614128,34,,0
fib,9,3,python,14672,25998700,34,,0
fib,9,3,fast-loop,16567,8690154,34,6370c499d578c417a3ff7a4e873ce1a6de31c50dec87a6c3f2109dda8864e455,0
fib,9,3,fast-address,18146,9132245,34,6370c499d578c417a3ff7a4e873ce1a6de31c50dec87a6c3f2109dda8864e455,0
fib,9,3,fast-slots,16789,7874417,34,6370c499d578c417a3ff7a4e873ce1a6de31c50dec87a6c3f2109dda8864e455,0
fib,9,3,fast,17000,7915894,34,6370c499d578c417a3ff7a4e873ce1a6de31c50dec87a6c3f2109dda8864e455,0
fib,9,3,fast-pc,19356,9392460,34,6370c499d578c417a3ff7a4e873ce1a6de31c50dec87a6c3f2109dda8864e455,0
fib,9,3,fast-commit,23730,8389990,34,6370c499d578c417a3ff7a4e873ce1a6de31c50dec87a6c3f2109dda8864e455,0
fib,9,3,aot,36697,7901659,34,6370c499d578c417a3ff7a4e873ce1a6de31c50dec87a6c3f2109dda8864e455,0
fib,9,4,aot,26054,7748803,34,6370c499d578c417a3ff7a4e873ce1a6de31c50dec87a6c3f2109dda8864e455,0
fib,9,4,fast-commit,22724,7831735,34,6370c499d578c417a3ff7a4e873ce1a6de31c50dec87a6c3f2109dda8864e455,0
fib,9,4,fast-pc,19896,7714605,34,6370c499d578c417a3ff7a4e873ce1a6de31c50dec87a6c3f2109dda8864e455,0
fib,9,4,fast,17497,8081785,34,6370c499d578c417a3ff7a4e873ce1a6de31c50dec87a6c3f2109dda8864e455,0
fib,9,4,fast-slots,17123,8049517,34,6370c499d578c417a3ff7a4e873ce1a6de31c50dec87a6c3f2109dda8864e455,0
fib,9,4,fast-address,18218,7941078,34,6370c499d578c417a3ff7a4e873ce1a6de31c50dec87a6c3f2109dda8864e455,0
fib,9,4,fast-loop,16670,7786161,34,6370c499d578c417a3ff7a4e873ce1a6de31c50dec87a6c3f2109dda8864e455,0
fib,9,4,python,15882,26940724,34,,0
fib,9,5,python,14219,26382022,34,,0
fib,9,5,fast-loop,16996,8090443,34,6370c499d578c417a3ff7a4e873ce1a6de31c50dec87a6c3f2109dda8864e455,0
fib,9,5,fast-address,18451,7800138,34,6370c499d578c417a3ff7a4e873ce1a6de31c50dec87a6c3f2109dda8864e455,0
fib,9,5,fast-slots,16328,8138449,34,6370c499d578c417a3ff7a4e873ce1a6de31c50dec87a6c3f2109dda8864e455,0
fib,9,5,fast,16181,7809249,34,6370c499d578c417a3ff7a4e873ce1a6de31c50dec87a6c3f2109dda8864e455,0
fib,9,5,fast-pc,20200,7984276,34,6370c499d578c417a3ff7a4e873ce1a6de31c50dec87a6c3f2109dda8864e455,0
fib,9,5,fast-commit,23168,7762672,34,6370c499d578c417a3ff7a4e873ce1a6de31c50dec87a6c3f2109dda8864e455,0
fib,9,5,aot,26028,7676211,34,6370c499d578c417a3ff7a4e873ce1a6de31c50dec87a6c3f2109dda8864e455,0
fib,9,6,aot,24172,7926506,34,6370c499d578c417a3ff7a4e873ce1a6de31c50dec87a6c3f2109dda8864e455,0
fib,9,6,fast-commit,22680,7843710,34,6370c499d578c417a3ff7a4e873ce1a6de31c50dec87a6c3f2109dda8864e455,0
fib,9,6,fast-pc,18936,8061205,34,6370c499d578c417a3ff7a4e873ce1a6de31c50dec87a6c3f2109dda8864e455,0
fib,9,6,fast,16342,7703521,34,6370c499d578c417a3ff7a4e873ce1a6de31c50dec87a6c3f2109dda8864e455,0
fib,9,6,fast-slots,17231,7880256,34,6370c499d578c417a3ff7a4e873ce1a6de31c50dec87a6c3f2109dda8864e455,0
fib,9,6,fast-address,18396,7758578,34,6370c499d578c417a3ff7a4e873ce1a6de31c50dec87a6c3f2109dda8864e455,0
fib,9,6,fast-loop,16766,8249412,34,6370c499d578c417a3ff7a4e873ce1a6de31c50dec87a6c3f2109dda8864e455,0
fib,9,6,python,15635,26657392,34,,0
fib,9,7,python,14202,25755329,34,,0
fib,9,7,fast-loop,16484,7772280,34,6370c499d578c417a3ff7a4e873ce1a6de31c50dec87a6c3f2109dda8864e455,0
fib,9,7,fast-address,17570,7414986,34,6370c499d578c417a3ff7a4e873ce1a6de31c50dec87a6c3f2109dda8864e455,0
fib,9,7,fast-slots,23285,7736014,34,6370c499d578c417a3ff7a4e873ce1a6de31c50dec87a6c3f2109dda8864e455,0
fib,9,7,fast,16458,7642259,34,6370c499d578c417a3ff7a4e873ce1a6de31c50dec87a6c3f2109dda8864e455,0
fib,9,7,fast-pc,19365,7371302,34,6370c499d578c417a3ff7a4e873ce1a6de31c50dec87a6c3f2109dda8864e455,0
fib,9,7,fast-commit,23020,7772077,34,6370c499d578c417a3ff7a4e873ce1a6de31c50dec87a6c3f2109dda8864e455,0
fib,9,7,aot,23625,7808717,34,6370c499d578c417a3ff7a4e873ce1a6de31c50dec87a6c3f2109dda8864e455,0
fib,9,8,aot,24560,7928077,34,6370c499d578c417a3ff7a4e873ce1a6de31c50dec87a6c3f2109dda8864e455,0
fib,9,8,fast-commit,22959,7966870,34,6370c499d578c417a3ff7a4e873ce1a6de31c50dec87a6c3f2109dda8864e455,0
fib,9,8,fast-pc,20001,7554924,34,6370c499d578c417a3ff7a4e873ce1a6de31c50dec87a6c3f2109dda8864e455,0
fib,9,8,fast,16339,8340325,34,6370c499d578c417a3ff7a4e873ce1a6de31c50dec87a6c3f2109dda8864e455,0
fib,9,8,fast-slots,16656,8157118,34,6370c499d578c417a3ff7a4e873ce1a6de31c50dec87a6c3f2109dda8864e455,0
fib,9,8,fast-address,25587,8178392,34,6370c499d578c417a3ff7a4e873ce1a6de31c50dec87a6c3f2109dda8864e455,0
fib,9,8,fast-loop,16582,7374477,34,6370c499d578c417a3ff7a4e873ce1a6de31c50dec87a6c3f2109dda8864e455,0
fib,9,8,python,14442,26696445,34,,0
fib,10,0,aot,50486,7864086,55,f681ccd24cca88cdc40a5d94f5ce3ce190a7d588399112fdbcf7e9b35f837409,0
fib,10,0,fast-commit,34967,7585699,55,f681ccd24cca88cdc40a5d94f5ce3ce190a7d588399112fdbcf7e9b35f837409,0
fib,10,0,fast-pc,28022,7743292,55,f681ccd24cca88cdc40a5d94f5ce3ce190a7d588399112fdbcf7e9b35f837409,0
fib,10,0,fast,22553,7456437,55,f681ccd24cca88cdc40a5d94f5ce3ce190a7d588399112fdbcf7e9b35f837409,0
fib,10,0,fast-slots,22940,7572875,55,f681ccd24cca88cdc40a5d94f5ce3ce190a7d588399112fdbcf7e9b35f837409,0
fib,10,0,fast-address,34786,7576012,55,f681ccd24cca88cdc40a5d94f5ce3ce190a7d588399112fdbcf7e9b35f837409,0
fib,10,0,fast-loop,24660,7970528,55,f681ccd24cca88cdc40a5d94f5ce3ce190a7d588399112fdbcf7e9b35f837409,0
fib,10,0,python,19933,27031777,55,,0
fib,10,1,python,19490,25870483,55,,0
fib,10,1,fast-loop,22856,7903421,55,f681ccd24cca88cdc40a5d94f5ce3ce190a7d588399112fdbcf7e9b35f837409,0
fib,10,1,fast-address,25514,7486704,55,f681ccd24cca88cdc40a5d94f5ce3ce190a7d588399112fdbcf7e9b35f837409,0
fib,10,1,fast-slots,24888,7552196,55,f681ccd24cca88cdc40a5d94f5ce3ce190a7d588399112fdbcf7e9b35f837409,0
fib,10,1,fast,22987,7496287,55,f681ccd24cca88cdc40a5d94f5ce3ce190a7d588399112fdbcf7e9b35f837409,0
fib,10,1,fast-pc,28533,7558658,55,f681ccd24cca88cdc40a5d94f5ce3ce190a7d588399112fdbcf7e9b35f837409,0
fib,10,1,fast-commit,34342,8211158,55,f681ccd24cca88cdc40a5d94f5ce3ce190a7d588399112fdbcf7e9b35f837409,0
fib,10,1,aot,35908,8275345,55,f681ccd24cca88cdc40a5d94f5ce3ce190a7d588399112fdbcf7e9b35f837409,0
fib,10,2,aot,35271,8139752,55,f681ccd24cca88cdc40a5d94f5ce3ce190a7d588399112fdbcf7e9b35f837409,0
fib,10,2,fast-commit,33732,8036679,55,f681ccd24cca88cdc40a5d94f5ce3ce190a7d588399112fdbcf7e9b35f837409,0
fib,10,2,fast-pc,37367,7951416,55,f681ccd24cca88cdc40a5d94f5ce3ce190a7d588399112fdbcf7e9b35f837409,0
fib,10,2,fast,23045,8328228,55,f681ccd24cca88cdc40a5d94f5ce3ce190a7d588399112fdbcf7e9b35f837409,0
fib,10,2,fast-slots,22739,8315496,55,f681ccd24cca88cdc40a5d94f5ce3ce190a7d588399112fdbcf7e9b35f837409,0
fib,10,2,fast-address,25855,8587124,55,f681ccd24cca88cdc40a5d94f5ce3ce190a7d588399112fdbcf7e9b35f837409,0
fib,10,2,fast-loop,23116,8592157,55,f681ccd24cca88cdc40a5d94f5ce3ce190a7d588399112fdbcf7e9b35f837409,0
fib,10,2,python,19751,27342024,55,,0
fib,10,3,python,19045,26664933,55,,0
fib,10,3,fast-loop,23331,8634082,55,f681ccd24cca88cdc40a5d94f5ce3ce190a7d588399112fdbcf7e9b35f837409,0
fib,10,3,fast-address,25001,8604806,55,f681ccd24cca88cdc40a5d94f5ce3ce190a7d588399112fdbcf7e9b35f837409,0
fib,10,3,fast-slots,23471,8115025,55,f681ccd24cca88cdc40a5d94f5ce3ce190a7d588399112fdbcf7e9b35f837409,0
fib,10,3,fast,22845,7832216,55,f681ccd24cca88cdc40a5d94f5ce3ce190a7d588399112fdbcf7e9b35f837409,0
fib,10,3,fast-pc,28052,8009853,55,f681ccd24cca88cdc40a5d94f5ce3ce190a7d588399112fdbcf7e9b35f837409,0
fib,10,3,fast-commit,34175,7930360,55,f681ccd24cca88cdc40a5d94f5ce3ce190a7d588399112fdbcf7e9b35f837409,0
fib,10,3,aot,34547,7873992,55,f681ccd24cca88cdc40a5d94f5ce3ce190a7d588399112fdbcf7e9b35f837409,0
fib,10,4,aot,40600,7874759,55,f681ccd24cca88cdc40a5d94f5ce3ce190a7d588399112fdbcf7e9b35f837409,0
fib,10,4,fast-commit,34007,7753926,55,f681ccd24cca88cdc40a5d94f5ce3ce190a7d588399112fdbcf7e9b35f837409,0
fib,10,4,fast-pc,28638,7911607,55,f681ccd24cca88cdc40a5d94f5ce3ce190a7d588399112fdbcf7e9b35f837409,0
fib,10,4,fast,23605,7693062,55,f681ccd24cca88cdc40a5d94f5ce3ce190a7d588399112fdbcf7e9b35f837409,0
fib,10,4,fast-slots,22756,7881888,55,f681ccd24cca88cdc40a5d94f5ce3ce190a7d588399112fdbcf7e9b35f837409,0
fib,10,4,fast-address,24977,8161737,55,f681ccd24cca88cdc40a5d94f5ce3ce190a7d588399112fdbcf7e9b35f837409,0
fib,10,4,fast-loop,23751,8283988,55,f681ccd24cca88cdc40a5d94f5ce3ce190a7d588399112fdbcf7e9b35f837409,0
fib,10,4,python,19209,26912465,55,,0
fib,10,5,python,20109,26379728,55,,0
fib,10,5,fast-loop,23017,8776783,55,f681ccd24cca88cdc40a5d94f5ce3ce190a7d588399112fdbcf7e9b35f837409,0
fib,10,5,fast-address,24791,7702926,55,f681ccd24cca88cdc40a5d94f5ce3ce190a7d588399112fdbcf7e9b35f837409,0
fib,10,5,fast-slots,22912,7786605,55,f681ccd24cca88cdc40a5d94f5ce3ce190a7d588399112fdbcf7e9b35f837409,0
fib,10,5,fast,23437,7590119,55,f681ccd24cca88cdc40a5d94f5ce3ce190a7d588399112fdbcf7e9b35f837409,0
fib,10,5,fast-pc,29138,7695861,55,f681ccd24cca88cdc40a5d94f5ce3ce190a7d588399112fdbcf7e9b35f837409,0
fib,10,5,fast-commit,34755,7636644,55,f681ccd24cca88cdc40a5d94f5ce3ce190a7d588399112fdbcf7e9b35f837409,0
fib,10,5,aot,39415,8489053,55,f681ccd24cca88cdc40a5d94f5ce3ce190a7d588399112fdbcf7e9b35f837409,0
fib,10,6,aot,35817,7997636,55,f681ccd24cca88cdc40a5d94f5ce3ce190a7d588399112fdbcf7e9b35f837409,0
fib,10,6,fast-commit,44165,7893360,55,f681ccd24cca88cdc40a5d94f5ce3ce190a7d588399112fdbcf7e9b35f837409,0
fib,10,6,fast-pc,27782,7792399,55,f681ccd24cca88cdc40a5d94f5ce3ce190a7d588399112fdbcf7e9b35f837409,0
fib,10,6,fast,22736,7644143,55,f681ccd24cca88cdc40a5d94f5ce3ce190a7d588399112fdbcf7e9b35f837409,0
fib,10,6,fast-slots,24038,7784267,55,f681ccd24cca88cdc40a5d94f5ce3ce190a7d588399112fdbcf7e9b35f837409,0
fib,10,6,fast-address,24860,7592763,55,f681ccd24cca88cdc40a5d94f5ce3ce190a7d588399112fdbcf7e9b35f837409,0
fib,10,6,fast-loop,23389,7372347,55,f681ccd24cca88cdc40a5d94f5ce3ce190a7d588399112fdbcf7e9b35f837409,0
fib,10,6,python,21208,26685222,55,,0
fib,10,7,python,18411,26849156,55,,0
fib,10,7,fast-loop,23206,7770820,55,f681ccd24cca88cdc40a5d94f5ce3ce190a7d588399112fdbcf7e9b35f837409,0
fib,10,7,fast-address,24856,7799932,55,f681ccd24cca88cdc40a5d94f5ce3ce190a7d588399112fdbcf7e9b35f837409,0
fib,10,7,fast-slots,23188,7566556,55,f681ccd24cca88cdc40a5d94f5ce3ce190a7d588399112fdbcf7e9b35f837409,0
fib,10,7,fast,29654,7581026,55,f681ccd24cca88cdc40a5d94f5ce3ce190a7d588399112fdbcf7e9b35f837409,0
fib,10,7,fast-pc,27942,7672456,55,f681ccd24cca88cdc40a5d94f5ce3ce190a7d588399112fdbcf7e9b35f837409,0
fib,10,7,fast-commit,33974,7722025,55,f681ccd24cca88cdc40a5d94f5ce3ce190a7d588399112fdbcf7e9b35f837409,0
fib,10,7,aot,35026,8008347,55,f681ccd24cca88cdc40a5d94f5ce3ce190a7d588399112fdbcf7e9b35f837409,0
fib,10,8,aot,35134,7756578,55,f681ccd24cca88cdc40a5d94f5ce3ce190a7d588399112fdbcf7e9b35f837409,0
fib,10,8,fast-commit,33718,7932664,55,f681ccd24cca88cdc40a5d94f5ce3ce190a7d588399112fdbcf7e9b35f837409,0
fib,10,8,fast-pc,28484,7970948,55,f681ccd24cca88cdc40a5d94f5ce3ce190a7d588399112fdbcf7e9b35f837409,0
fib,10,8,fast,23419,7668055,55,f681ccd24cca88cdc40a5d94f5ce3ce190a7d588399112fdbcf7e9b35f837409,0
fib,10,8,fast-slots,22538,7514127,55,f681ccd24cca88cdc40a5d94f5ce3ce190a7d588399112fdbcf7e9b35f837409,0
fib,10,8,fast-address,24880,7638108,55,f681ccd24cca88cdc40a5d94f5ce3ce190a7d588399112fdbcf7e9b35f837409,0
fib,10,8,fast-loop,29103,7665378,55,f681ccd24cca88cdc40a5d94f5ce3ce190a7d588399112fdbcf7e9b35f837409,0
fib,10,8,python,19913,26731555,55,,0
fib,18,0,aot,1456746,9944448,2584,771156804e3d9c5eb93fe094689e7ed3978dda0d221b9539f118ee1e14d3f6dd,0
fib,18,0,fast-commit,1289436,9351712,2584,771156804e3d9c5eb93fe094689e7ed3978dda0d221b9539f118ee1e14d3f6dd,0
fib,18,0,fast-pc,1070657,9091081,2584,771156804e3d9c5eb93fe094689e7ed3978dda0d221b9539f118ee1e14d3f6dd,0
fib,18,0,fast,770184,8797667,2584,771156804e3d9c5eb93fe094689e7ed3978dda0d221b9539f118ee1e14d3f6dd,0
fib,18,0,fast-slots,876917,9352865,2584,771156804e3d9c5eb93fe094689e7ed3978dda0d221b9539f118ee1e14d3f6dd,0
fib,18,0,fast-address,907376,8605333,2584,771156804e3d9c5eb93fe094689e7ed3978dda0d221b9539f118ee1e14d3f6dd,0
fib,18,0,fast-loop,787231,9334255,2584,771156804e3d9c5eb93fe094689e7ed3978dda0d221b9539f118ee1e14d3f6dd,0
fib,18,0,python,524081,27691186,2584,,0
fib,18,1,python,547660,26741742,2584,,0
fib,18,1,fast-loop,791637,9610774,2584,771156804e3d9c5eb93fe094689e7ed3978dda0d221b9539f118ee1e14d3f6dd,0
fib,18,1,fast-address,883897,9048741,2584,771156804e3d9c5eb93fe094689e7ed3978dda0d221b9539f118ee1e14d3f6dd,0
fib,18,1,fast-slots,808365,8521879,2584,771156804e3d9c5eb93fe094689e7ed3978dda0d221b9539f118ee1e14d3f6dd,0
fib,18,1,fast,768702,8843360,2584,771156804e3d9c5eb93fe094689e7ed3978dda0d221b9539f118ee1e14d3f6dd,0
fib,18,1,fast-pc,1033289,8682280,2584,771156804e3d9c5eb93fe094689e7ed3978dda0d221b9539f118ee1e14d3f6dd,0
fib,18,1,fast-commit,1361647,9345639,2584,771156804e3d9c5eb93fe094689e7ed3978dda0d221b9539f118ee1e14d3f6dd,0
fib,18,1,aot,1489018,9262205,2584,771156804e3d9c5eb93fe094689e7ed3978dda0d221b9539f118ee1e14d3f6dd,0
fib,18,2,aot,1453177,9246426,2584,771156804e3d9c5eb93fe094689e7ed3978dda0d221b9539f118ee1e14d3f6dd,0
fib,18,2,fast-commit,1300531,8904820,2584,771156804e3d9c5eb93fe094689e7ed3978dda0d221b9539f118ee1e14d3f6dd,0
fib,18,2,fast-pc,1042311,8874648,2584,771156804e3d9c5eb93fe094689e7ed3978dda0d221b9539f118ee1e14d3f6dd,0
fib,18,2,fast,765236,8766570,2584,771156804e3d9c5eb93fe094689e7ed3978dda0d221b9539f118ee1e14d3f6dd,0
fib,18,2,fast-slots,766527,8543088,2584,771156804e3d9c5eb93fe094689e7ed3978dda0d221b9539f118ee1e14d3f6dd,0
fib,18,2,fast-address,883597,8472119,2584,771156804e3d9c5eb93fe094689e7ed3978dda0d221b9539f118ee1e14d3f6dd,0
fib,18,2,fast-loop,766285,8363459,2584,771156804e3d9c5eb93fe094689e7ed3978dda0d221b9539f118ee1e14d3f6dd,0
fib,18,2,python,535764,27378619,2584,,0
fib,18,3,python,505526,26881223,2584,,0
fib,18,3,fast-loop,798740,8438876,2584,771156804e3d9c5eb93fe094689e7ed3978dda0d221b9539f118ee1e14d3f6dd,0
fib,18,3,fast-address,932057,8446567,2584,771156804e3d9c5eb93fe094689e7ed3978dda0d221b9539f118ee1e14d3f6dd,0
fib,18,3,fast-slots,816048,8467554,2584,771156804e3d9c5eb93fe094689e7ed3978dda0d221b9539f118ee1e14d3f6dd,0
fib,18,3,fast,771736,9018854,2584,771156804e3d9c5eb93fe094689e7ed3978dda0d221b9539f118ee1e14d3f6dd,0
fib,18,3,fast-pc,1129706,9306954,2584,771156804e3d9c5eb93fe094689e7ed3978dda0d221b9539f118ee1e14d3f6dd,0
fib,18,3,fast-commit,1293408,9096155,2584,771156804e3d9c5eb93fe094689e7ed3978dda0d221b9539f118ee1e14d3f6dd,0
fib,18,3,aot,1410494,9117287,2584,771156804e3d9c5eb93fe094689e7ed3978dda0d221b9539f118ee1e14d3f6dd,0
fib,18,4,aot,1441599,9470871,2584,771156804e3d9c5eb93fe094689e7ed3978dda0d221b9539f118ee1e14d3f6dd,0
fib,18,4,fast-commit,1348092,9577563,2584,771156804e3d9c5eb93fe094689e7ed3978dda0d221b9539f118ee1e14d3f6dd,0
fib,18,4,fast-pc,1047984,8688396,2584,771156804e3d9c5eb93fe094689e7ed3978dda0d221b9539f118ee1e14d3f6dd,0
fib,18,4,fast,778507,8395194,2584,771156804e3d9c5eb93fe094689e7ed3978dda0d221b9539f118ee1e14d3f6dd,0
fib,18,4,fast-slots,852416,8357000,2584,771156804e3d9c5eb93fe094689e7ed3978dda0d221b9539f118ee1e14d3f6dd,0
fib,18,4,fast-address,882112,8377667,2584,771156804e3d9c5eb93fe094689e7ed3978dda0d221b9539f118ee1e14d3f6dd,0
fib,18,4,fast-loop,777434,8253372,2584,771156804e3d9c5eb93fe094689e7ed3978dda0d221b9539f118ee1e14d3f6dd,0
fib,18,4,python,524821,27483466,2584,,0
fib,18,5,python,514244,26418359,2584,,0
fib,18,5,fast-loop,771152,8362297,2584,771156804e3d9c5eb93fe094689e7ed3978dda0d221b9539f118ee1e14d3f6dd,0
fib,18,5,fast-address,960540,8589684,2584,771156804e3d9c5eb93fe094689e7ed3978dda0d221b9539f118ee1e14d3f6dd,0
fib,18,5,fast-slots,802100,9109919,2584,771156804e3d9c5eb93fe094689e7ed3978dda0d221b9539f118ee1e14d3f6dd,0
fib,18,5,fast,829926,8897811,2584,771156804e3d9c5eb93fe094689e7ed3978dda0d221b9539f118ee1e14d3f6dd,0
fib,18,5,fast-pc,1066747,8864527,2584,771156804e3d9c5eb93fe094689e7ed3978dda0d221b9539f118ee1e14d3f6dd,0
fib,18,5,fast-commit,1345527,9427562,2584,771156804e3d9c5eb93fe094689e7ed3978dda0d221b9539f118ee1e14d3f6dd,0
fib,18,5,aot,1495821,9409821,2584,771156804e3d9c5eb93fe094689e7ed3978dda0d221b9539f118ee1e14d3f6dd,0
fib,18,6,aot,1442950,9778767,2584,771156804e3d9c5eb93fe094689e7ed3978dda0d221b9539f118ee1e14d3f6dd,0
fib,18,6,fast-commit,1290492,9158392,2584,771156804e3d9c5eb93fe094689e7ed3978dda0d221b9539f118ee1e14d3f6dd,0
fib,18,6,fast-pc,1071446,8721415,2584,771156804e3d9c5eb93fe094689e7ed3978dda0d221b9539f118ee1e14d3f6dd,0
fib,18,6,fast,909191,8559861,2584,771156804e3d9c5eb93fe094689e7ed3978dda0d221b9539f118ee1e14d3f6dd,0
fib,18,6,fast-slots,765505,8427932,2584,771156804e3d9c5eb93fe094689e7ed3978dda0d221b9539f118ee1e14d3f6dd,0
fib,18,6,fast-address,903643,8589115,2584,771156804e3d9c5eb93fe094689e7ed3978dda0d221b9539f118ee1e14d3f6dd,0
fib,18,6,fast-loop,772178,8565908,2584,771156804e3d9c5eb93fe094689e7ed3978dda0d221b9539f118ee1e14d3f6dd,0
fib,18,6,python,513697,27260681,2584,,0
fib,18,7,python,512300,26229308,2584,,0
fib,18,7,fast-loop,807874,8450645,2584,771156804e3d9c5eb93fe094689e7ed3978dda0d221b9539f118ee1e14d3f6dd,0
fib,18,7,fast-address,865459,8351178,2584,771156804e3d9c5eb93fe094689e7ed3978dda0d221b9539f118ee1e14d3f6dd,0
fib,18,7,fast-slots,777346,8355401,2584,771156804e3d9c5eb93fe094689e7ed3978dda0d221b9539f118ee1e14d3f6dd,0
fib,18,7,fast,811433,8278291,2584,771156804e3d9c5eb93fe094689e7ed3978dda0d221b9539f118ee1e14d3f6dd,0
fib,18,7,fast-pc,1058203,8933684,2584,771156804e3d9c5eb93fe094689e7ed3978dda0d221b9539f118ee1e14d3f6dd,0
fib,18,7,fast-commit,1288734,9060652,2584,771156804e3d9c5eb93fe094689e7ed3978dda0d221b9539f118ee1e14d3f6dd,0
fib,18,7,aot,1451186,9485850,2584,771156804e3d9c5eb93fe094689e7ed3978dda0d221b9539f118ee1e14d3f6dd,0
fib,18,8,aot,1477128,9464194,2584,771156804e3d9c5eb93fe094689e7ed3978dda0d221b9539f118ee1e14d3f6dd,0
fib,18,8,fast-commit,1278334,8988906,2584,771156804e3d9c5eb93fe094689e7ed3978dda0d221b9539f118ee1e14d3f6dd,0
fib,18,8,fast-pc,1057309,8911811,2584,771156804e3d9c5eb93fe094689e7ed3978dda0d221b9539f118ee1e14d3f6dd,0
fib,18,8,fast,767798,8594119,2584,771156804e3d9c5eb93fe094689e7ed3978dda0d221b9539f118ee1e14d3f6dd,0
fib,18,8,fast-slots,777248,8378732,2584,771156804e3d9c5eb93fe094689e7ed3978dda0d221b9539f118ee1e14d3f6dd,0
fib,18,8,fast-address,892262,8342881,2584,771156804e3d9c5eb93fe094689e7ed3978dda0d221b9539f118ee1e14d3f6dd,0
fib,18,8,fast-loop,803218,8225023,2584,771156804e3d9c5eb93fe094689e7ed3978dda0d221b9539f118ee1e14d3f6dd,0
fib,18,8,python,510142,27074297,2584,,0
nqueens,4,0,aot,21564,8137646,2,18d63299b9d24c37220de7deaa148d5174694d1aaaaa59f83bb8576c6ad0c309,0
nqueens,4,0,fast-commit,22119,7745959,2,18d63299b9d24c37220de7deaa148d5174694d1aaaaa59f83bb8576c6ad0c309,0
nqueens,4,0,fast-pc,17820,8018519,2,18d63299b9d24c37220de7deaa148d5174694d1aaaaa59f83bb8576c6ad0c309,0
nqueens,4,0,fast,17233,7830047,2,18d63299b9d24c37220de7deaa148d5174694d1aaaaa59f83bb8576c6ad0c309,0
nqueens,4,0,fast-slots,18898,8698131,2,18d63299b9d24c37220de7deaa148d5174694d1aaaaa59f83bb8576c6ad0c309,0
nqueens,4,0,fast-address,16742,8896384,2,18d63299b9d24c37220de7deaa148d5174694d1aaaaa59f83bb8576c6ad0c309,0
nqueens,4,0,fast-loop,17254,7923664,2,18d63299b9d24c37220de7deaa148d5174694d1aaaaa59f83bb8576c6ad0c309,0
nqueens,4,0,python,21170,26519794,2,,0
nqueens,4,1,python,20154,26039999,2,,0
nqueens,4,1,fast-loop,17087,8111924,2,18d63299b9d24c37220de7deaa148d5174694d1aaaaa59f83bb8576c6ad0c309,0
nqueens,4,1,fast-address,17519,7602432,2,18d63299b9d24c37220de7deaa148d5174694d1aaaaa59f83bb8576c6ad0c309,0
nqueens,4,1,fast-slots,18288,8192489,2,18d63299b9d24c37220de7deaa148d5174694d1aaaaa59f83bb8576c6ad0c309,0
nqueens,4,1,fast,18862,7740020,2,18d63299b9d24c37220de7deaa148d5174694d1aaaaa59f83bb8576c6ad0c309,0
nqueens,4,1,fast-pc,19102,7998947,2,18d63299b9d24c37220de7deaa148d5174694d1aaaaa59f83bb8576c6ad0c309,0
nqueens,4,1,fast-commit,22466,7825544,2,18d63299b9d24c37220de7deaa148d5174694d1aaaaa59f83bb8576c6ad0c309,0
nqueens,4,1,aot,20888,8338319,2,18d63299b9d24c37220de7deaa148d5174694d1aaaaa59f83bb8576c6ad0c309,0
nqueens,4,2,aot,20205,8025917,2,18d63299b9d24c37220de7deaa148d5174694d1aaaaa59f83bb8576c6ad0c309,0
nqueens,4,2,fast-commit,20748,8848236,2,18d63299b9d24c37220de7deaa148d5174694d1aaaaa59f83bb8576c6ad0c309,0
nqueens,4,2,fast-pc,18616,8047311,2,18d63299b9d24c37220de7deaa148d5174694d1aaaaa59f83bb8576c6ad0c309,0
nqueens,4,2,fast,17454,8120533,2,18d63299b9d24c37220de7deaa148d5174694d1aaaaa59f83bb8576c6ad0c309,0
nqueens,4,2,fast-slots,17038,8200602,2,18d63299b9d24c37220de7deaa148d5174694d1aaaaa59f83bb8576c6ad0c309,0
nqueens,4,2,fast-address,17697,7974402,2,18d63299b9d24c37220de7deaa148d5174694d1aaaaa59f83bb8576c6ad0c309,0
nqueens,4,2,fast-loop,17644,8066837,2,18d63299b9d24c37220de7deaa148d5174694d1aaaaa59f83bb8576c6ad0c309,0
nqueens,4,2,python,60322,26733408,2,,0
nqueens,4,3,python,22159,25946265,2,,0
nqueens,4,3,fast-loop,18056,8185459,2,18d63299b9d24c37220de7deaa148d5174694d1aaaaa59f83bb8576c6ad0c309,0
nqueens,4,3,fast-address,17240,8025347,2,18d63299b9d24c37220de7deaa148d5174694d1aaaaa59f83bb8576c6ad0c309,0
nqueens,4,3,fast-slots,18045,8918464,2,18d63299b9d24c37220de7deaa148d5174694d1aaaaa59f83bb8576c6ad0c309,0
nqueens,4,3,fast,17844,8259845,2,18d63299b9d24c37220de7deaa148d5174694d1aaaaa59f83bb8576c6ad0c309,0
nqueens,4,3,fast-pc,18187,7760382,2,18d63299b9d24c37220de7deaa148d5174694d1aaaaa59f83bb8576c6ad0c309,0
nqueens,4,3,fast-commit,23664,7891823,2,18d63299b9d24c37220de7deaa148d5174694d1aaaaa59f83bb8576c6ad0c309,0
nqueens,4,3,aot,21077,7973066,2,18d63299b9d24c37220de7deaa148d5174694d1aaaaa59f83bb8576c6ad0c309,0
nqueens,4,4,aot,20576,8068449,2,18d63299b9d24c37220de7deaa148d5174694d1aaaaa59f83bb8576c6ad0c309,0
nqueens,4,4,fast-commit,27604,7855568,2,18d63299b9d24c37220de7deaa148d5174694d1aaaaa59f83bb8576c6ad0c309,0
nqueens,4,4,fast-pc,18718,8018137,2,18d63299b9d24c37220de7deaa148d5174694d1aaaaa59f83bb8576c6ad0c309,0
nqueens,4,4,fast,18553,8783347,2,18d63299b9d24c37220de7deaa148d5174694d1aaaaa59f83bb8576c6ad0c309,0
nqueens,4,4,fast-slots,17693,8264504,2,18d63299b9d24c37220de7deaa148d5174694d1aaaaa59f83bb8576c6ad0c309,0
nqueens,4,4,fast-address,15991,8132683,2,18d63299b9d24c37220de7deaa148d5174694d1aaaaa59f83bb8576c6ad0c309,0
nqueens,4,4,fast-loop,17640,8374793,2,18d63299b9d24c37220de7deaa148d5174694d1aaaaa59f83bb8576c6ad0c309,0
nqueens,4,4,python,21686,27666768,2,,0
nqueens,4,5,python,20298,25726896,2,,0
nqueens,4,5,fast-loop,15699,8060858,2,18d63299b9d24c37220de7deaa148d5174694d1aaaaa59f83bb8576c6ad0c309,0
nqueens,4,5,fast-address,16632,7613778,2,18d63299b9d24c37220de7deaa148d5174694d1aaaaa59f83bb8576c6ad0c309,0
nqueens,4,5,fast-slots,17464,7673534,2,18d63299b9d24c37220de7deaa148d5174694d1aaaaa59f83bb8576c6ad0c309,0
nqueens,4,5,fast,17839,7740372,2,18d63299b9d24c37220de7deaa148d5174694d1aaaaa59f83bb8576c6ad0c309,0
nqueens,4,5,fast-pc,18274,7772404,2,18d63299b9d24c37220de7deaa148d5174694d1aaaaa59f83bb8576c6ad0c309,0
nqueens,4,5,fast-commit,20574,7551630,2,18d63299b9d24c37220de7deaa148d5174694d1aaaaa59f83bb8576c6ad0c309,0
nqueens,4,5,aot,21615,7684006,2,18d63299b9d24c37220de7deaa148d5174694d1aaaaa59f83bb8576c6ad0c309,0
nqueens,4,6,aot,20839,7856086,2,18d63299b9d24c37220de7deaa148d5174694d1aaaaa59f83bb8576c6ad0c309,0
nqueens,4,6,fast-commit,19500,8028750,2,18d63299b9d24c37220de7deaa148d5174694d1aaaaa59f83bb8576c6ad0c309,0
nqueens,4,6,fast-pc,17569,7692727,2,18d63299b9d24c37220de7deaa148d5174694d1aaaaa59f83bb8576c6ad0c309,0
nqueens,4,6,fast,17312,7748676,2,18d63299b9d24c37220de7deaa148d5174694d1aaaaa59f83bb8576c6ad0c309,0
nqueens,4,6,fast-slots,16892,8156338,2,18d63299b9d24c37220de7deaa148d5174694d1aaaaa59f83bb8576c6ad0c309,0
nqueens,4,6,fast-address,15853,8042659,2,18d63299b9d24c37220de7deaa148d5174694d1aaaaa59f83bb8576c6ad0c309,0
nqueens,4,6,fast-loop,16285,7793095,2,18d63299b9d24c37220de7deaa148d5174694d1aaaaa59f83bb8576c6ad0c309,0
nqueens,4,6,python,20581,26568381,2,,0
nqueens,4,7,python,19565,25291360,2,,0
nqueens,4,7,fast-loop,15867,8079062,2,18d63299b9d24c37220de7deaa148d5174694d1aaaaa59f83bb8576c6ad0c309,0
nqueens,4,7,fast-address,15713,7787312,2,18d63299b9d24c37220de7deaa148d5174694d1aaaaa59f83bb8576c6ad0c309,0
nqueens,4,7,fast-slots,17267,7685664,2,18d63299b9d24c37220de7deaa148d5174694d1aaaaa59f83bb8576c6ad0c309,0
nqueens,4,7,fast,16437,7518186,2,18d63299b9d24c37220de7deaa148d5174694d1aaaaa59f83bb8576c6ad0c309,0
nqueens,4,7,fast-pc,18480,7819315,2,18d63299b9d24c37220de7deaa148d5174694d1aaaaa59f83bb8576c6ad0c309,0
nqueens,4,7,fast-commit,20128,7836484,2,18d63299b9d24c37220de7deaa148d5174694d1aaaaa59f83bb8576c6ad0c309,0
nqueens,4,7,aot,20312,7698595,2,18d63299b9d24c37220de7deaa148d5174694d1aaaaa59f83bb8576c6ad0c309,0
nqueens,4,8,aot,19759,8103964,2,18d63299b9d24c37220de7deaa148d5174694d1aaaaa59f83bb8576c6ad0c309,0
nqueens,4,8,fast-commit,18919,7784886,2,18d63299b9d24c37220de7deaa148d5174694d1aaaaa59f83bb8576c6ad0c309,0
nqueens,4,8,fast-pc,16778,7616862,2,18d63299b9d24c37220de7deaa148d5174694d1aaaaa59f83bb8576c6ad0c309,0
nqueens,4,8,fast,15869,7614966,2,18d63299b9d24c37220de7deaa148d5174694d1aaaaa59f83bb8576c6ad0c309,0
nqueens,4,8,fast-slots,21451,7614949,2,18d63299b9d24c37220de7deaa148d5174694d1aaaaa59f83bb8576c6ad0c309,0
nqueens,4,8,fast-address,15812,7672083,2,18d63299b9d24c37220de7deaa148d5174694d1aaaaa59f83bb8576c6ad0c309,0
nqueens,4,8,fast-loop,15123,7586537,2,18d63299b9d24c37220de7deaa148d5174694d1aaaaa59f83bb8576c6ad0c309,0
nqueens,4,8,python,21282,26136798,2,,0
nqueens,5,0,aot,45075,8252210,10,f9b44b9e83341c932d5bceee6ea85aae690bee3929e786252c4a5e08e9134b5a,0
nqueens,5,0,fast-commit,55204,7837710,10,f9b44b9e83341c932d5bceee6ea85aae690bee3929e786252c4a5e08e9134b5a,0
nqueens,5,0,fast-pc,36848,7738816,10,f9b44b9e83341c932d5bceee6ea85aae690bee3929e786252c4a5e08e9134b5a,0
nqueens,5,0,fast,35964,7599308,10,f9b44b9e83341c932d5bceee6ea85aae690bee3929e786252c4a5e08e9134b5a,0
nqueens,5,0,fast-slots,30614,7938335,10,f9b44b9e83341c932d5bceee6ea85aae690bee3929e786252c4a5e08e9134b5a,0
nqueens,5,0,fast-address,30146,7668150,10,f9b44b9e83341c932d5bceee6ea85aae690bee3929e786252c4a5e08e9134b5a,0
nqueens,5,0,fast-loop,32260,7787565,10,f9b44b9e83341c932d5bceee6ea85aae690bee3929e786252c4a5e08e9134b5a,0
nqueens,5,0,python,36155,26308491,10,,0
nqueens,5,1,python,37055,25726622,10,,0
nqueens,5,1,fast-loop,39637,7954606,10,f9b44b9e83341c932d5bceee6ea85aae690bee3929e786252c4a5e08e9134b5a,0
nqueens,5,1,fast-address,29866,7809300,10,f9b44b9e83341c932d5bceee6ea85aae690bee3929e786252c4a5e08e9134b5a,0
nqueens,5,1,fast-slots,33019,7747804,10,f9b44b9e83341c932d5bceee6ea85aae690bee3929e786252c4a5e08e9134b5a,0
nqueens,5,1,fast,33094,7842161,10,f9b44b9e83341c932d5bceee6ea85aae690bee3929e786252c4a5e08e9134b5a,0
nqueens,5,1,fast-pc,38500,7669339,10,f9b44b9e83341c932d5bceee6ea85aae690bee3929e786252c4a5e08e9134b5a,0
nqueens,5,1,fast-commit,42336,7783480,10,f9b44b9e83341c932d5bceee6ea85aae690bee3929e786252c4a5e08e9134b5a,0
nqueens,5,1,aot,45763,7825914,10,f9b44b9e83341c932d5bceee6ea85aae690bee3929e786252c4a5e08e9134b5a,0
nqueens,5,2,aot,44177,7731807,10,f9b44b9e83341c932d5bceee6ea85aae690bee3929e786252c4a5e08e9134b5a,0
nqueens,5,2,fast-commit,40175,8371635,10,f9b44b9e83341c932d5bceee6ea85aae690bee3929e786252c4a5e08e9134b5a,0
nqueens,5,2,fast-pc,38304,7709013,10,f9b44b9e83341c932d5bceee6ea85aae690bee3929e786252c4a5e08e9134b5a,0
nqueens,5,2,fast,33787,7647026,10,f9b44b9e83341c932d5bceee6ea85aae690bee3929e786252c4a5e08e9134b5a,0
nqueens,5,2,fast-slots,35972,7668428,10,f9b44b9e83341c932d5bceee6ea85aae690bee3929e786252c4a5e08e9134b5a,0
nqueens,5,2,fast-address,30297,7671057,10,f9b44b9e83341c932d5bceee6ea85aae690bee3929e786252c4a5e08e9134b5a,0
nqueens,5,2,fast-loop,30204,7643600,10,f9b44b9e83341c932d5bceee6ea85aae690bee3929e786252c4a5e08e9134b5a,0
nqueens,5,2,python,35216,26231738,10,,0
nqueens,5,3,python,39145,25609196,10,,0
nqueens,5,3,fast-loop,30476,8224785,10,f9b44b9e83341c932d5bceee6ea85aae690bee3929e786252c4a5e08e9134b5a,0
nqueens,5,3,fast-address,29694,8041427,10,f9b44b9e83341c932d5bceee6ea85aae690bee3929e786252c4a5e08e9134b5a,0
nqueens,5,3,fast-slots,33518,7807144,10,f9b44b9e83341c932d5bceee6ea85aae690bee3929e786252c4a5e08e9134b5a,0
nqueens,5,3,fast,33468,7833651,10,f9b44b9e83341c932d5bceee6ea85aae690bee3929e786252c4a5e08e9134b5a,0
nqueens,5,3,fast-pc,36168,7770178,10,f9b44b9e83341c932d5bceee6ea85aae690bee3929e786252c4a5e08e9134b5a,0
nqueens,5,3,fast-commit,43667,7710026,10,f9b44b9e83341c932d5bceee6ea85aae690bee3929e786252c4a5e08e9134b5a,0
nqueens,5,3,aot,45952,7924265,10,f9b44b9e83341c932d5bceee6ea85aae690bee3929e786252c4a5e08e9134b5a,0
nqueens,5,4,aot,58472,7963123,10,f9b44b9e83341c932d5bceee6ea85aae690bee3929e786252c4a5e08e9134b5a,0
nqueens,5,4,fast-commit,40478,7841000,10,f9b44b9e83341c932d5bceee6ea85aae690bee3929e786252c4a5e08e9134b5a,0
nqueens,5,4,fast-pc,42269,7649073,10,f9b44b9e83341c932d5bceee6ea85aae690bee3929e786252c4a5e08e9134b5a,0
nqueens,5,4,fast,32291,7737962,10,f9b44b9e83341c932d5bceee6ea85aae690bee3929e786252c4a5e08e9134b5a,0
nqueens,5,4,fast-slots,34871,7523161,10,f9b44b9e83341c932d5bceee6ea85aae690bee3929e786252c4a5e08e9134b5a,0
nqueens,5,4,fast-address,29716,8575379,10,f9b44b9e83341c932d5bceee6ea85aae690bee3929e786252c4a5e08e9134b5a,0
nqueens,5,4,fast-loop,30071,8184390,10,f9b44b9e83341c932d5bceee6ea85aae690bee3929e786252c4a5e08e9134b5a,0
nqueens,5,4,python,37066,26892736,10,,0
nqueens,5,5,python,36389,26050625,10,,0
nqueens,5,5,fast-loop,31591,7827466,10,f9b44b9e83341c932d5bceee6ea85aae690bee3929e786252c4a5e08e9134b5a,0
nqueens,5,5,fast-address,30659,7755864,10,f9b44b9e83341c932d5bceee6ea85aae690bee3929e786252c4a5e08e9134b5a,0
nqueens,5,5,fast-slots,33702,7882465,10,f9b44b9e83341c932d5bceee6ea85aae690bee3929e786252c4a5e08e9134b5a,0
nqueens,5,5,fast,32697,7742640,10,f9b44b9e83341c932d5bceee6ea85aae690bee3929e786252c4a5e08e9134b5a,0
nqueens,5,5,fast-pc,36763,7836603,10,f9b44b9e83341c932d5bceee6ea85aae690bee3929e786252c4a5e08e9134b5a,0
nqueens,5,5,fast-commit,40698,8589575,10,f9b44b9e83341c932d5bceee6ea85aae690bee3929e786252c4a5e08e9134b5a,0
nqueens,5,5,aot,44237,8291374,10,f9b44b9e83341c932d5bceee6ea85aae690bee3929e786252c4a5e08e9134b5a,0
nqueens,5,6,aot,44855,7946678,10,f9b44b9e83341c932d5bceee6ea85aae690bee3929e786252c4a5e08e9134b5a,0
nqueens,5,6,fast-commit,41962,8049755,10,f9b44b9e83341c932d5bceee6ea85aae690bee3929e786252c4a5e08e9134b5a,0
nqueens,5,6,fast-pc,37576,8000179,10,f9b44b9e83341c932d5bceee6ea85aae690bee3929e786252c4a5e08e9134b5a,0
nqueens,5,6,fast,32618,8068830,10,f9b44b9e83341c932d5bceee6ea85aae690bee3929e786252c4a5e08e9134b5a,0
nqueens,5,6,fast-slots,32968,7865201,10,f9b44b9e83341c932d5bceee6ea85aae690bee3929e786252c4a5e08e9134b5a,0
nqueens,5,6,fast-address,30679,7834650,10,f9b44b9e83341c932d5bceee6ea85aae690bee3929e786252c4a5e08e9134b5a,0
nqueens,5,6,fast-loop,31270,8414248,10,f9b44b9e83341c932d5bceee6ea85aae690bee3929e786252c4a5e08e9134b5a,0
nqueens,5,6,python,37232,26789122,10,,0
nqueens,5,7,python,35898,25744708,10,,0
nqueens,5,7,fast-loop,30065,8167425,10,f9b44b9e83341c932d5bceee6ea85aae690bee3929e786252c4a5e08e9134b5a,0
nqueens,5,7,fast-address,29747,7718619,10,f9b44b9e83341c932d5bceee6ea85aae690bee3929e786252c4a5e08e9134b5a,0
nqueens,5,7,fast-slots,34620,7622064,10,f9b44b9e83341c932d5bceee6ea85aae690bee3929e786252c4a5e08e9134b5a,0
nqueens,5,7,fast,31764,7955402,10,f9b44b9e83341c932d5bceee6ea85aae690bee3929e786252c4a5e08e9134b5a,0
nqueens,5,7,fast-pc,37465,7725122,10,f9b44b9e83341c932d5bceee6ea85aae690bee3929e786252c4a5e08e9134b5a,0
nqueens,5,7,fast-commit,42123,7745977,10,f9b44b9e83341c932d5bceee6ea85aae690bee3929e786252c4a5e08e9134b5a,0
nqueens,5,7,aot,45528,7905782,10,f9b44b9e83341c932d5bceee6ea85aae690bee3929e786252c4a5e08e9134b5a,0
nqueens,5,8,aot,43854,8201529,10,f9b44b9e83341c932d5bceee6ea85aae690bee3929e786252c4a5e08e9134b5a,0
nqueens,5,8,fast-commit,41275,7925117,10,f9b44b9e83341c932d5bceee6ea85aae690bee3929e786252c4a5e08e9134b5a,0
nqueens,5,8,fast-pc,36894,7695529,10,f9b44b9e83341c932d5bceee6ea85aae690bee3929e786252c4a5e08e9134b5a,0
nqueens,5,8,fast,47880,7825514,10,f9b44b9e83341c932d5bceee6ea85aae690bee3929e786252c4a5e08e9134b5a,0
nqueens,5,8,fast-slots,32885,8129056,10,f9b44b9e83341c932d5bceee6ea85aae690bee3929e786252c4a5e08e9134b5a,0
nqueens,5,8,fast-address,30729,7747418,10,f9b44b9e83341c932d5bceee6ea85aae690bee3929e786252c4a5e08e9134b5a,0
nqueens,5,8,fast-loop,29819,7741568,10,f9b44b9e83341c932d5bceee6ea85aae690bee3929e786252c4a5e08e9134b5a,0
nqueens,5,8,python,36982,26489440,10,,0
nqueens,6,0,aot,115291,7771364,4,7e1ab965e3ade15f9e4a5e58969a9292746c32155ad9901ca0f972421d945427,0
nqueens,6,0,fast-commit,104565,7853797,4,7e1ab965e3ade15f9e4a5e58969a9292746c32155ad9901ca0f972421d945427,0
nqueens,6,0,fast-pc,96139,7711627,4,7e1ab965e3ade15f9e4a5e58969a9292746c32155ad9901ca0f972421d945427,0
nqueens,6,0,fast,76453,7644594,4,7e1ab965e3ade15f9e4a5e58969a9292746c32155ad9901ca0f972421d945427,0
nqueens,6,0,fast-slots,77364,7893683,4,7e1ab965e3ade15f9e4a5e58969a9292746c32155ad9901ca0f972421d945427,0
nqueens,6,0,fast-address,71031,8297890,4,7e1ab965e3ade15f9e4a5e58969a9292746c32155ad9901ca0f972421d945427,0
nqueens,6,0,fast-loop,70885,7738219,4,7e1ab965e3ade15f9e4a5e58969a9292746c32155ad9901ca0f972421d945427,0
nqueens,6,0,python,80034,26266702,4,,0
nqueens,6,1,python,75472,25663705,4,,0
nqueens,6,1,fast-loop,68670,8391402,4,7e1ab965e3ade15f9e4a5e58969a9292746c32155ad9901ca0f972421d945427,0
nqueens,6,1,fast-address,85302,7928392,4,7e1ab965e3ade15f9e4a5e58969a9292746c32155ad9901ca0f972421d945427,0
nqueens,6,1,fast-slots,81459,7900875,4,7e1ab965e3ade15f9e4a5e58969a9292746c32155ad9901ca0f972421d945427,0
nqueens,6,1,fast,80771,7670433,4,7e1ab965e3ade15f9e4a5e58969a9292746c32155ad9901ca0f972421d945427,0
nqueens,6,1,fast-pc,100442,8054413,4,7e1ab965e3ade15f9e4a5e58969a9292746c32155ad9901ca0f972421d945427,0
nqueens,6,1,fast-commit,106904,7933724,4,7e1ab965e3ade15f9e4a5e58969a9292746c32155ad9901ca0f972421d945427,0
nqueens,6,1,aot,118215,8107640,4,7e1ab965e3ade15f9e4a5e58969a9292746c32155ad9901ca0f972421d945427,0
nqueens,6,2,aot,116956,8240087,4,7e1ab965e3ade15f9e4a5e58969a9292746c32155ad9901ca0f972421d945427,0
nqueens,6,2,fast-commit,103167,8236078,4,7e1ab965e3ade15f9e4a5e58969a9292746c32155ad9901ca0f972421d945427,0
nqueens,6,2,fast-pc,92506,7898961,4,7e1ab965e3ade15f9e4a5e58969a9292746c32155ad9901ca0f972421d945427,0
nqueens,6,2,fast,83119,7850632,4,7e1ab965e3ade15f9e4a5e58969a9292746c32155ad9901ca0f972421d945427,0
nqueens,6,2,fast-slots,79657,7877222,4,7e1ab965e3ade15f9e4a5e58969a9292746c32155ad9901ca0f972421d945427,0
nqueens,6,2,fast-address,70286,7704698,4,7e1ab965e3ade15f9e4a5e58969a9292746c32155ad9901ca0f972421d945427,0
nqueens,6,2,fast-loop,71098,7744340,4,7e1ab965e3ade15f9e4a5e58969a9292746c32155ad9901ca0f972421d945427,0
nqueens,6,2,python,80587,26612477,4,,0
nqueens,6,3,python,78917,25997882,4,,0
nqueens,6,3,fast-loop,71160,8128825,4,7e1ab965e3ade15f9e4a5e58969a9292746c32155ad9901ca0f972421d945427,0
nqueens,6,3,fast-address,71979,7805926,4,7e1ab965e3ade15f9e4a5e58969a9292746c32155ad9901ca0f972421d945427,0
nqueens,6,3,fast-slots,86576,7729017,4,7e1ab965e3ade15f9e4a5e58969a9292746c32155ad9901ca0f972421d945427,0
nqueens,6,3,fast,73918,7695335,4,7e1ab965e3ade15f9e4a5e58969a9292746c32155ad9901ca0f972421d945427,0
nqueens,6,3,fast-pc,94632,7780097,4,7e1ab965e3ade15f9e4a5e58969a9292746c32155ad9901ca0f972421d945427,0
nqueens,6,3,fast-commit,105083,7775379,4,7e1ab965e3ade15f9e4a5e58969a9292746c32155ad9901ca0f972421d945427,0
nqueens,6,3,aot,115544,8188060,4,7e1ab965e3ade15f9e4a5e58969a9292746c32155ad9901ca0f972421d945427,0
nqueens,6,4,aot,114118,7710121,4,7e1ab965e3ade15f9e4a5e58969a9292746c32155ad9901ca0f972421d945427,0
nqueens,6,4,fast-commit,102144,7795333,4,7e1ab965e3ade15f9e4a5e58969a9292746c32155ad9901ca0f972421d945427,0
nqueens,6,4,fast-pc,89656,7776110,4,7e1ab965e3ade15f9e4a5e58969a9292746c32155ad9901ca0f972421d945427,0
nqueens,6,4,fast,89838,7766755,4,7e1ab965e3ade15f9e4a5e58969a9292746c32155ad9901ca0f972421d945427,0
nqueens,6,4,fast-slots,74558,7769828,4,7e1ab965e3ade15f9e4a5e58969a9292746c32155ad9901ca0f972421d945427,0
nqueens,6,4,fast-address,69910,7883583,4,7e1ab965e3ade15f9e4a5e58969a9292746c32155ad9901ca0f972421d945427,0
nqueens,6,4,fast-loop,70260,7784683,4,7e1ab965e3ade15f9e4a5e58969a9292746c32155ad9901ca0f972421d945427,0
nqueens,6,4,python,79543,26539343,4,,0
nqueens,6,5,python,84737,25846784,4,,0
nqueens,6,5,fast-loop,69210,8323174,4,7e1ab965e3ade15f9e4a5e58969a9292746c32155ad9901ca0f972421d945427,0
nqueens,6,5,fast-address,77303,7815204,4,7e1ab965e3ade15f9e4a5e58969a9292746c32155ad9901ca0f972421d945427,0
nqueens,6,5,fast-slots,73534,7612785,4,7e1ab965e3ade15f9e4a5e58969a9292746c32155ad9901ca0f972421d945427,0
nqueens,6,5,fast,75309,7605153,4,7e1ab965e3ade15f9e4a5e58969a9292746c32155ad9901ca0f972421d945427,0
nqueens,6,5,fast-pc,91856,7793240,4,7e1ab965e3ade15f9e4a5e58969a9292746c32155ad9901ca0f972421d945427,0
nqueens,6,5,fast-commit,113277,7931832,4,7e1ab965e3ade15f9e4a5e58969a9292746c32155ad9901ca0f972421d945427,0
nqueens,6,5,aot,114422,8160657,4,7e1ab965e3ade15f9e4a5e58969a9292746c32155ad9901ca0f972421d945427,0
nqueens,6,6,aot,121962,7985668,4,7e1ab965e3ade15f9e4a5e58969a9292746c32155ad9901ca0f972421d945427,0
nqueens,6,6,fast-commit,103963,8080066,4,7e1ab965e3ade15f9e4a5e58969a9292746c32155ad9901ca0f972421d945427,0
nqueens,6,6,fast-pc,97540,7676380,4,7e1ab965e3ade15f9e4a5e58969a9292746c32155ad9901ca0f972421d945427,0
nqueens,6,6,fast,75385,7920060,4,7e1ab965e3ade15f9e4a5e58969a9292746c32155ad9901ca0f972421d945427,0
nqueens,6,6,fast-slots,76425,7810447,4,7e1ab965e3ade15f9e4a5e58969a9292746c32155ad9901ca0f972421d945427,0
nqueens,6,6,fast-address,71389,7922275,4,7e1ab965e3ade15f9e4a5e58969a9292746c32155ad9901ca0f972421d945427,0
nqueens,6,6,fast-loop,72102,7882181,4,7e1ab965e3ade15f9e4a5e58969a9292746c32155ad9901ca0f972421d945427,0
nqueens,6,6,python,78833,26611814,4,,0
nqueens,6,7,python,78266,26039688,4,,0
nqueens,6,7,fast-loop,69512,8328861,4,7e1ab965e3ade15f9e4a5e58969a9292746c32155ad9901ca0f972421d945427,0
nqueens,6,7,fast-address,70829,7802284,4,7e1ab965e3ade15f9e4a5e58969a9292746c32155ad9901ca0f972421d945427,0
nqueens,6,7,fast-slots,76062,7648203,4,7e1ab965e3ade15f9e4a5e58969a9292746c32155ad9901ca0f972421d945427,0
nqueens,6,7,fast,76601,7519204,4,7e1ab965e3ade15f9e4a5e58969a9292746c32155ad9901ca0f972421d945427,0
nqueens,6,7,fast-pc,93842,7542121,4,7e1ab965e3ade15f9e4a5e58969a9292746c32155ad9901ca0f972421d945427,0
nqueens,6,7,fast-commit,107611,7922762,4,7e1ab965e3ade15f9e4a5e58969a9292746c32155ad9901ca0f972421d945427,0
nqueens,6,7,aot,117249,8011900,4,7e1ab965e3ade15f9e4a5e58969a9292746c32155ad9901ca0f972421d945427,0
nqueens,6,8,aot,117550,8275194,4,7e1ab965e3ade15f9e4a5e58969a9292746c32155ad9901ca0f972421d945427,0
nqueens,6,8,fast-commit,108287,7841103,4,7e1ab965e3ade15f9e4a5e58969a9292746c32155ad9901ca0f972421d945427,0
nqueens,6,8,fast-pc,97371,7961018,4,7e1ab965e3ade15f9e4a5e58969a9292746c32155ad9901ca0f972421d945427,0
nqueens,6,8,fast,78421,7709458,4,7e1ab965e3ade15f9e4a5e58969a9292746c32155ad9901ca0f972421d945427,0
nqueens,6,8,fast-slots,80718,7915277,4,7e1ab965e3ade15f9e4a5e58969a9292746c32155ad9901ca0f972421d945427,0
nqueens,6,8,fast-address,70874,7752303,4,7e1ab965e3ade15f9e4a5e58969a9292746c32155ad9901ca0f972421d945427,0
nqueens,6,8,fast-loop,74391,7826575,4,7e1ab965e3ade15f9e4a5e58969a9292746c32155ad9901ca0f972421d945427,0
nqueens,6,8,python,78516,25944350,4,,0
nqueens,8,0,aot,1513110,8811341,92,1c8d80bdc643bd507f344971ab078ef2e2c92b67009f4dd82a3c87e71f2a1bc8,0
nqueens,8,0,fast-commit,1317635,8950530,92,1c8d80bdc643bd507f344971ab078ef2e2c92b67009f4dd82a3c87e71f2a1bc8,0
nqueens,8,0,fast-pc,1199780,8857432,92,1c8d80bdc643bd507f344971ab078ef2e2c92b67009f4dd82a3c87e71f2a1bc8,0
nqueens,8,0,fast,963143,8570237,92,1c8d80bdc643bd507f344971ab078ef2e2c92b67009f4dd82a3c87e71f2a1bc8,0
nqueens,8,0,fast-slots,1026232,8791951,92,1c8d80bdc643bd507f344971ab078ef2e2c92b67009f4dd82a3c87e71f2a1bc8,0
nqueens,8,0,fast-address,829078,8417063,92,1c8d80bdc643bd507f344971ab078ef2e2c92b67009f4dd82a3c87e71f2a1bc8,0
nqueens,8,0,fast-loop,839050,8607841,92,1c8d80bdc643bd507f344971ab078ef2e2c92b67009f4dd82a3c87e71f2a1bc8,0
nqueens,8,0,python,788517,27043191,92,,0
nqueens,8,1,python,794727,26399731,92,,0
nqueens,8,1,fast-loop,868338,9086716,92,1c8d80bdc643bd507f344971ab078ef2e2c92b67009f4dd82a3c87e71f2a1bc8,0
nqueens,8,1,fast-address,847432,8608963,92,1c8d80bdc643bd507f344971ab078ef2e2c92b67009f4dd82a3c87e71f2a1bc8,0
nqueens,8,1,fast-slots,957617,8799405,92,1c8d80bdc643bd507f344971ab078ef2e2c92b67009f4dd82a3c87e71f2a1bc8,0
nqueens,8,1,fast,934553,8701407,92,1c8d80bdc643bd507f344971ab078ef2e2c92b67009f4dd82a3c87e71f2a1bc8,0
nqueens,8,1,fast-pc,1150653,8971438,92,1c8d80bdc643bd507f344971ab078ef2e2c92b67009f4dd82a3c87e71f2a1bc8,0
nqueens,8,1,fast-commit,1308514,8969515,92,1c8d80bdc643bd507f344971ab078ef2e2c92b67009f4dd82a3c87e71f2a1bc8,0
nqueens,8,1,aot,1556451,9230901,92,1c8d80bdc643bd507f344971ab078ef2e2c92b67009f4dd82a3c87e71f2a1bc8,0
nqueens,8,2,aot,1526173,9369523,92,1c8d80bdc643bd507f344971ab078ef2e2c92b67009f4dd82a3c87e71f2a1bc8,0
nqueens,8,2,fast-commit,1327229,9005055,92,1c8d80bdc643bd507f344971ab078ef2e2c92b67009f4dd82a3c87e71f2a1bc8,0
nqueens,8,2,fast-pc,1148874,8838629,92,1c8d80bdc643bd507f344971ab078ef2e2c92b67009f4dd82a3c87e71f2a1bc8,0
nqueens,8,2,fast,957305,8541439,92,1c8d80bdc643bd507f344971ab078ef2e2c92b67009f4dd82a3c87e71f2a1bc8,0
nqueens,8,2,fast-slots,1014615,8697893,92,1c8d80bdc643bd507f344971ab078ef2e2c92b67009f4dd82a3c87e71f2a1bc8,0
nqueens,8,2,fast-address,845253,8608250,92,1c8d80bdc643bd507f344971ab078ef2e2c92b67009f4dd82a3c87e71f2a1bc8,0
nqueens,8,2,fast-loop,826587,8394863,92,1c8d80bdc643bd507f344971ab078ef2e2c92b67009f4dd82a3c87e71f2a1bc8,0
nqueens,8,2,python,814588,27274365,92,,0
nqueens,8,3,python,808832,26542858,92,,0
nqueens,8,3,fast-loop,838928,8763933,92,1c8d80bdc643bd507f344971ab078ef2e2c92b67009f4dd82a3c87e71f2a1bc8,0
nqueens,8,3,fast-address,841112,8553533,92,1c8d80bdc643bd507f344971ab078ef2e2c92b67009f4dd82a3c87e71f2a1bc8,0
nqueens,8,3,fast-slots,950232,8336916,92,1c8d80bdc643bd507f344971ab078ef2e2c92b67009f4dd82a3c87e71f2a1bc8,0
nqueens,8,3,fast,958144,8458428,92,1c8d80bdc643bd507f344971ab078ef2e2c92b67009f4dd82a3c87e71f2a1bc8,0
nqueens,8,3,fast-pc,1139078,9329347,92,1c8d80bdc643bd507f344971ab078ef2e2c92b67009f4dd82a3c87e71f2a1bc8,0
nqueens,8,3,fast-commit,1306731,9028206,92,1c8d80bdc643bd507f344971ab078ef2e2c92b67009f4dd82a3c87e71f2a1bc8,0
nqueens,8,3,aot,1497548,9248874,92,1c8d80bdc643bd507f344971ab078ef2e2c92b67009f4dd82a3c87e71f2a1bc8,0
nqueens,8,4,aot,1504152,9484474,92,1c8d80bdc643bd507f344971ab078ef2e2c92b67009f4dd82a3c87e71f2a1bc8,0
nqueens,8,4,fast-commit,1310533,9342990,92,1c8d80bdc643bd507f344971ab078ef2e2c92b67009f4dd82a3c87e71f2a1bc8,0
nqueens,8,4,fast-pc,1195532,9116251,92,1c8d80bdc643bd507f344971ab078ef2e2c92b67009f4dd82a3c87e71f2a1bc8,0
nqueens,8,4,fast,917969,8647885,92,1c8d80bdc643bd507f344971ab078ef2e2c92b67009f4dd82a3c87e71f2a1bc8,0
nqueens,8,4,fast-slots,1031131,9001388,92,1c8d80bdc643bd507f344971ab078ef2e2c92b67009f4dd82a3c87e71f2a1bc8,0
nqueens,8,4,fast-address,863415,9074182,92,1c8d80bdc643bd507f344971ab078ef2e2c92b67009f4dd82a3c87e71f2a1bc8,0
nqueens,8,4,fast-loop,846494,8893676,92,1c8d80bdc643bd507f344971ab078ef2e2c92b67009f4dd82a3c87e71f2a1bc8,0
nqueens,8,4,python,782748,27287648,92,,0
nqueens,8,5,python,796483,26324962,92,,0
nqueens,8,5,fast-loop,959840,9142688,92,1c8d80bdc643bd507f344971ab078ef2e2c92b67009f4dd82a3c87e71f2a1bc8,0
nqueens,8,5,fast-address,852577,8488433,92,1c8d80bdc643bd507f344971ab078ef2e2c92b67009f4dd82a3c87e71f2a1bc8,0
nqueens,8,5,fast-slots,1056378,8862759,92,1c8d80bdc643bd507f344971ab078ef2e2c92b67009f4dd82a3c87e71f2a1bc8,0
nqueens,8,5,fast,957467,8519473,92,1c8d80bdc643bd507f344971ab078ef2e2c92b67009f4dd82a3c87e71f2a1bc8,0
nqueens,8,5,fast-pc,1142506,8685991,92,1c8d80bdc643bd507f344971ab078ef2e2c92b67009f4dd82a3c87e71f2a1bc8,0
nqueens,8,5,fast-commit,1308459,9161539,92,1c8d80bdc643bd507f344971ab078ef2e2c92b67009f4dd82a3c87e71f2a1bc8,0
nqueens,8,5,aot,1554927,9357860,92,1c8d80bdc643bd507f344971ab078ef2e2c92b67009f4dd82a3c87e71f2a1bc8,0
nqueens,8,6,aot,1495363,9695812,92,1c8d80bdc643bd507f344971ab078ef2e2c92b67009f4dd82a3c87e71f2a1bc8,0
nqueens,8,6,fast-commit,1306909,9604861,92,1c8d80bdc643bd507f344971ab078ef2e2c92b67009f4dd82a3c87e71f2a1bc8,0
nqueens,8,6,fast-pc,1160953,8722115,92,1c8d80bdc643bd507f344971ab078ef2e2c92b67009f4dd82a3c87e71f2a1bc8,0
nqueens,8,6,fast,923336,8533094,92,1c8d80bdc643bd507f344971ab078ef2e2c92b67009f4dd82a3c87e71f2a1bc8,0
nqueens,8,6,fast-slots,889217,8291956,92,1c8d80bdc643bd507f344971ab078ef2e2c92b67009f4dd82a3c87e71f2a1bc8,0
nqueens,8,6,fast-address,858789,8863336,92,1c8d80bdc643bd507f344971ab078ef2e2c92b67009f4dd82a3c87e71f2a1bc8,0
nqueens,8,6,fast-loop,835492,8648470,92,1c8d80bdc643bd507f344971ab078ef2e2c92b67009f4dd82a3c87e71f2a1bc8,0
nqueens,8,6,python,835444,27468100,92,,0
nqueens,8,7,python,806565,27153551,92,,0
nqueens,8,7,fast-loop,836255,9328023,92,1c8d80bdc643bd507f344971ab078ef2e2c92b67009f4dd82a3c87e71f2a1bc8,0
nqueens,8,7,fast-address,853784,9121217,92,1c8d80bdc643bd507f344971ab078ef2e2c92b67009f4dd82a3c87e71f2a1bc8,0
nqueens,8,7,fast-slots,1007802,9044214,92,1c8d80bdc643bd507f344971ab078ef2e2c92b67009f4dd82a3c87e71f2a1bc8,0
nqueens,8,7,fast,991727,9303774,92,1c8d80bdc643bd507f344971ab078ef2e2c92b67009f4dd82a3c87e71f2a1bc8,0
nqueens,8,7,fast-pc,1137368,9420184,92,1c8d80bdc643bd507f344971ab078ef2e2c92b67009f4dd82a3c87e71f2a1bc8,0
nqueens,8,7,fast-commit,1321888,9117301,92,1c8d80bdc643bd507f344971ab078ef2e2c92b67009f4dd82a3c87e71f2a1bc8,0
nqueens,8,7,aot,1506605,9908713,92,1c8d80bdc643bd507f344971ab078ef2e2c92b67009f4dd82a3c87e71f2a1bc8,0
nqueens,8,8,aot,1503351,9422007,92,1c8d80bdc643bd507f344971ab078ef2e2c92b67009f4dd82a3c87e71f2a1bc8,0
nqueens,8,8,fast-commit,1304706,9214724,92,1c8d80bdc643bd507f344971ab078ef2e2c92b67009f4dd82a3c87e71f2a1bc8,0
nqueens,8,8,fast-pc,1192865,8990230,92,1c8d80bdc643bd507f344971ab078ef2e2c92b67009f4dd82a3c87e71f2a1bc8,0
nqueens,8,8,fast,965448,8653581,92,1c8d80bdc643bd507f344971ab078ef2e2c92b67009f4dd82a3c87e71f2a1bc8,0
nqueens,8,8,fast-slots,922278,8785168,92,1c8d80bdc643bd507f344971ab078ef2e2c92b67009f4dd82a3c87e71f2a1bc8,0
nqueens,8,8,fast-address,847675,8402241,92,1c8d80bdc643bd507f344971ab078ef2e2c92b67009f4dd82a3c87e71f2a1bc8,0
nqueens,8,8,fast-loop,861873,8491453,92,1c8d80bdc643bd507f344971ab078ef2e2c92b67009f4dd82a3c87e71f2a1bc8,0
nqueens,8,8,python,808379,27136678,92,,0
