case,scale,pair,variant,kernel_ns,wall_ns,output_sha256
iops,500,0,baseline,5037292,99355308,87df4fb223784083d4d1842c5720f1d694ab98dcfe0662ebc70c97dd54cf5a2c
iops,500,0,candidate,3570308,101840473,87df4fb223784083d4d1842c5720f1d694ab98dcfe0662ebc70c97dd54cf5a2c
iops,500,0,python,26541,28856941,87df4fb223784083d4d1842c5720f1d694ab98dcfe0662ebc70c97dd54cf5a2c
iops,500,1,python,40396,27143659,87df4fb223784083d4d1842c5720f1d694ab98dcfe0662ebc70c97dd54cf5a2c
iops,500,1,candidate,3607305,98212648,87df4fb223784083d4d1842c5720f1d694ab98dcfe0662ebc70c97dd54cf5a2c
iops,500,1,baseline,5080420,100256229,87df4fb223784083d4d1842c5720f1d694ab98dcfe0662ebc70c97dd54cf5a2c
iops,500,2,baseline,5719993,99447887,87df4fb223784083d4d1842c5720f1d694ab98dcfe0662ebc70c97dd54cf5a2c
iops,500,2,candidate,3613915,98930952,87df4fb223784083d4d1842c5720f1d694ab98dcfe0662ebc70c97dd54cf5a2c
iops,500,2,python,47196,27826115,87df4fb223784083d4d1842c5720f1d694ab98dcfe0662ebc70c97dd54cf5a2c
iops,500,3,python,52086,27753781,87df4fb223784083d4d1842c5720f1d694ab98dcfe0662ebc70c97dd54cf5a2c
iops,500,3,candidate,3572894,96770354,87df4fb223784083d4d1842c5720f1d694ab98dcfe0662ebc70c97dd54cf5a2c
iops,500,3,baseline,5106735,100635451,87df4fb223784083d4d1842c5720f1d694ab98dcfe0662ebc70c97dd54cf5a2c
iops,500,4,baseline,5174610,102608100,87df4fb223784083d4d1842c5720f1d694ab98dcfe0662ebc70c97dd54cf5a2c
iops,500,4,candidate,4075275,99533746,87df4fb223784083d4d1842c5720f1d694ab98dcfe0662ebc70c97dd54cf5a2c
iops,500,4,python,26098,27509358,87df4fb223784083d4d1842c5720f1d694ab98dcfe0662ebc70c97dd54cf5a2c
iops,500,5,python,25705,26661900,87df4fb223784083d4d1842c5720f1d694ab98dcfe0662ebc70c97dd54cf5a2c
iops,500,5,candidate,3572017,95708432,87df4fb223784083d4d1842c5720f1d694ab98dcfe0662ebc70c97dd54cf5a2c
iops,500,5,baseline,5071617,98832329,87df4fb223784083d4d1842c5720f1d694ab98dcfe0662ebc70c97dd54cf5a2c
iops,500,6,baseline,5095687,99727453,87df4fb223784083d4d1842c5720f1d694ab98dcfe0662ebc70c97dd54cf5a2c
iops,500,6,candidate,3590924,99291848,87df4fb223784083d4d1842c5720f1d694ab98dcfe0662ebc70c97dd54cf5a2c
iops,500,6,python,25768,27868976,87df4fb223784083d4d1842c5720f1d694ab98dcfe0662ebc70c97dd54cf5a2c
iops,500,7,python,26378,26865145,87df4fb223784083d4d1842c5720f1d694ab98dcfe0662ebc70c97dd54cf5a2c
iops,500,7,candidate,3557244,96135106,87df4fb223784083d4d1842c5720f1d694ab98dcfe0662ebc70c97dd54cf5a2c
iops,500,7,baseline,5069484,98711685,87df4fb223784083d4d1842c5720f1d694ab98dcfe0662ebc70c97dd54cf5a2c
iops,500,8,baseline,5169263,102171130,87df4fb223784083d4d1842c5720f1d694ab98dcfe0662ebc70c97dd54cf5a2c
iops,500,8,candidate,3533732,97833151,87df4fb223784083d4d1842c5720f1d694ab98dcfe0662ebc70c97dd54cf5a2c
iops,500,8,python,26330,27126626,87df4fb223784083d4d1842c5720f1d694ab98dcfe0662ebc70c97dd54cf5a2c
iops,1000,0,baseline,9881362,103373715,4dfdaa5a71f3271cc33ee7129e21ae1a5ff8c7344716df9869744d12ac35a1bf
iops,1000,0,candidate,6832340,100224120,4dfdaa5a71f3271cc33ee7129e21ae1a5ff8c7344716df9869744d12ac35a1bf
iops,1000,0,python,48855,27451697,4dfdaa5a71f3271cc33ee7129e21ae1a5ff8c7344716df9869744d12ac35a1bf
iops,1000,1,python,50113,26395925,4dfdaa5a71f3271cc33ee7129e21ae1a5ff8c7344716df9869744d12ac35a1bf
iops,1000,1,candidate,6965783,100329032,4dfdaa5a71f3271cc33ee7129e21ae1a5ff8c7344716df9869744d12ac35a1bf
iops,1000,1,baseline,9773189,103240425,4dfdaa5a71f3271cc33ee7129e21ae1a5ff8c7344716df9869744d12ac35a1bf
iops,1000,2,baseline,11025240,105449886,4dfdaa5a71f3271cc33ee7129e21ae1a5ff8c7344716df9869744d12ac35a1bf
iops,1000,2,candidate,6791048,103048309,4dfdaa5a71f3271cc33ee7129e21ae1a5ff8c7344716df9869744d12ac35a1bf
iops,1000,2,python,52752,28047124,4dfdaa5a71f3271cc33ee7129e21ae1a5ff8c7344716df9869744d12ac35a1bf
iops,1000,3,python,48675,27321436,4dfdaa5a71f3271cc33ee7129e21ae1a5ff8c7344716df9869744d12ac35a1bf
iops,1000,3,candidate,6924042,99999718,4dfdaa5a71f3271cc33ee7129e21ae1a5ff8c7344716df9869744d12ac35a1bf
iops,1000,3,baseline,9899045,104319706,4dfdaa5a71f3271cc33ee7129e21ae1a5ff8c7344716df9869744d12ac35a1bf
iops,1000,4,baseline,9794296,105522569,4dfdaa5a71f3271cc33ee7129e21ae1a5ff8c7344716df9869744d12ac35a1bf
iops,1000,4,candidate,6896213,103251356,4dfdaa5a71f3271cc33ee7129e21ae1a5ff8c7344716df9869744d12ac35a1bf
iops,1000,4,python,57204,27729767,4dfdaa5a71f3271cc33ee7129e21ae1a5ff8c7344716df9869744d12ac35a1bf
iops,1000,5,python,49428,27064716,4dfdaa5a71f3271cc33ee7129e21ae1a5ff8c7344716df9869744d12ac35a1bf
iops,1000,5,candidate,6913322,101462198,4dfdaa5a71f3271cc33ee7129e21ae1a5ff8c7344716df9869744d12ac35a1bf
iops,1000,5,baseline,10396980,104584645,4dfdaa5a71f3271cc33ee7129e21ae1a5ff8c7344716df9869744d12ac35a1bf
iops,1000,6,baseline,10395943,105246233,4dfdaa5a71f3271cc33ee7129e21ae1a5ff8c7344716df9869744d12ac35a1bf
iops,1000,6,candidate,6871473,102731408,4dfdaa5a71f3271cc33ee7129e21ae1a5ff8c7344716df9869744d12ac35a1bf
iops,1000,6,python,49532,27500610,4dfdaa5a71f3271cc33ee7129e21ae1a5ff8c7344716df9869744d12ac35a1bf
iops,1000,7,python,49516,27569925,4dfdaa5a71f3271cc33ee7129e21ae1a5ff8c7344716df9869744d12ac35a1bf
iops,1000,7,candidate,6833756,104074698,4dfdaa5a71f3271cc33ee7129e21ae1a5ff8c7344716df9869744d12ac35a1bf
iops,1000,7,baseline,9821064,105075683,4dfdaa5a71f3271cc33ee7129e21ae1a5ff8c7344716df9869744d12ac35a1bf
iops,1000,8,baseline,9883273,104736969,4dfdaa5a71f3271cc33ee7129e21ae1a5ff8c7344716df9869744d12ac35a1bf
iops,1000,8,candidate,6868755,102078410,4dfdaa5a71f3271cc33ee7129e21ae1a5ff8c7344716df9869744d12ac35a1bf
iops,1000,8,python,49011,27992593,4dfdaa5a71f3271cc33ee7129e21ae1a5ff8c7344716df9869744d12ac35a1bf
iops,2000,0,baseline,19374374,113350382,20b5a01532f653a50926640844157e71eda4465826c41f8ad38dc8e3abd8c544
iops,2000,0,candidate,13627363,107965878,20b5a01532f653a50926640844157e71eda4465826c41f8ad38dc8e3abd8c544
iops,2000,0,python,94684,28450029,20b5a01532f653a50926640844157e71eda4465826c41f8ad38dc8e3abd8c544
iops,2000,1,python,95102,26611409,20b5a01532f653a50926640844157e71eda4465826c41f8ad38dc8e3abd8c544
iops,2000,1,candidate,14882363,109177663,20b5a01532f653a50926640844157e71eda4465826c41f8ad38dc8e3abd8c544
iops,2000,1,baseline,19938078,113446713,20b5a01532f653a50926640844157e71eda4465826c41f8ad38dc8e3abd8c544
iops,2000,2,baseline,19718990,114631136,20b5a01532f653a50926640844157e71eda4465826c41f8ad38dc8e3abd8c544
iops,2000,2,candidate,13389470,107539743,20b5a01532f653a50926640844157e71eda4465826c41f8ad38dc8e3abd8c544
iops,2000,2,python,94604,27193481,20b5a01532f653a50926640844157e71eda4465826c41f8ad38dc8e3abd8c544
iops,2000,3,python,94044,27215694,20b5a01532f653a50926640844157e71eda4465826c41f8ad38dc8e3abd8c544
iops,2000,3,candidate,13267928,109315128,20b5a01532f653a50926640844157e71eda4465826c41f8ad38dc8e3abd8c544
iops,2000,3,baseline,20520192,118062227,20b5a01532f653a50926640844157e71eda4465826c41f8ad38dc8e3abd8c544
iops,2000,4,baseline,21207405,118232433,20b5a01532f653a50926640844157e71eda4465826c41f8ad38dc8e3abd8c544
iops,2000,4,candidate,13465950,107016197,20b5a01532f653a50926640844157e71eda4465826c41f8ad38dc8e3abd8c544
iops,2000,4,python,150087,27927552,20b5a01532f653a50926640844157e71eda4465826c41f8ad38dc8e3abd8c544
iops,2000,5,python,110626,26992161,20b5a01532f653a50926640844157e71eda4465826c41f8ad38dc8e3abd8c544
iops,2000,5,candidate,13286121,108171773,20b5a01532f653a50926640844157e71eda4465826c41f8ad38dc8e3abd8c544
iops,2000,5,baseline,19277012,117455192,20b5a01532f653a50926640844157e71eda4465826c41f8ad38dc8e3abd8c544
iops,2000,6,baseline,19322385,112254377,20b5a01532f653a50926640844157e71eda4465826c41f8ad38dc8e3abd8c544
iops,2000,6,candidate,13515427,107851174,20b5a01532f653a50926640844157e71eda4465826c41f8ad38dc8e3abd8c544
iops,2000,6,python,94308,27467864,20b5a01532f653a50926640844157e71eda4465826c41f8ad38dc8e3abd8c544
iops,2000,7,python,95126,26671911,20b5a01532f653a50926640844157e71eda4465826c41f8ad38dc8e3abd8c544
iops,2000,7,candidate,13326326,109216427,20b5a01532f653a50926640844157e71eda4465826c41f8ad38dc8e3abd8c544
iops,2000,7,baseline,19455861,113200098,20b5a01532f653a50926640844157e71eda4465826c41f8ad38dc8e3abd8c544
iops,2000,8,baseline,19547219,113061284,20b5a01532f653a50926640844157e71eda4465826c41f8ad38dc8e3abd8c544
iops,2000,8,candidate,13920592,109009324,20b5a01532f653a50926640844157e71eda4465826c41f8ad38dc8e3abd8c544
iops,2000,8,python,99482,27545771,20b5a01532f653a50926640844157e71eda4465826c41f8ad38dc8e3abd8c544
prime_sieve,50,0,baseline,10576216,104729029,99a7f7fb9baca773ead4dc5de32f095c32ffc4b89d1b1b8a011ab3071cd886ae
prime_sieve,50,0,candidate,7582960,104569863,99a7f7fb9baca773ead4dc5de32f095c32ffc4b89d1b1b8a011ab3071cd886ae
prime_sieve,50,0,python,33816,27731982,99a7f7fb9baca773ead4dc5de32f095c32ffc4b89d1b1b8a011ab3071cd886ae
prime_sieve,50,1,python,35375,26727295,99a7f7fb9baca773ead4dc5de32f095c32ffc4b89d1b1b8a011ab3071cd886ae
prime_sieve,50,1,candidate,8226513,103347080,99a7f7fb9baca773ead4dc5de32f095c32ffc4b89d1b1b8a011ab3071cd886ae
prime_sieve,50,1,baseline,10016850,106493620,99a7f7fb9baca773ead4dc5de32f095c32ffc4b89d1b1b8a011ab3071cd886ae
prime_sieve,50,2,baseline,9571369,104190277,99a7f7fb9baca773ead4dc5de32f095c32ffc4b89d1b1b8a011ab3071cd886ae
prime_sieve,50,2,candidate,7584237,102758841,99a7f7fb9baca773ead4dc5de32f095c32ffc4b89d1b1b8a011ab3071cd886ae
prime_sieve,50,2,python,61463,27511386,99a7f7fb9baca773ead4dc5de32f095c32ffc4b89d1b1b8a011ab3071cd886ae
prime_sieve,50,3,python,37111,27286781,99a7f7fb9baca773ead4dc5de32f095c32ffc4b89d1b1b8a011ab3071cd886ae
prime_sieve,50,3,candidate,7638717,104711582,99a7f7fb9baca773ead4dc5de32f095c32ffc4b89d1b1b8a011ab3071cd886ae
prime_sieve,50,3,baseline,9362290,102921197,99a7f7fb9baca773ead4dc5de32f095c32ffc4b89d1b1b8a011ab3071cd886ae
prime_sieve,50,4,baseline,9479087,107995751,99a7f7fb9baca773ead4dc5de32f095c32ffc4b89d1b1b8a011ab3071cd886ae
prime_sieve,50,4,candidate,7694553,103161850,99a7f7fb9baca773ead4dc5de32f095c32ffc4b89d1b1b8a011ab3071cd886ae
prime_sieve,50,4,python,38413,27711799,99a7f7fb9baca773ead4dc5de32f095c32ffc4b89d1b1b8a011ab3071cd886ae
prime_sieve,50,5,python,36014,26935709,99a7f7fb9baca773ead4dc5de32f095c32ffc4b89d1b1b8a011ab3071cd886ae
prime_sieve,50,5,candidate,7626474,101882130,99a7f7fb9baca773ead4dc5de32f095c32ffc4b89d1b1b8a011ab3071cd886ae
prime_sieve,50,5,baseline,9377511,105389723,99a7f7fb9baca773ead4dc5de32f095c32ffc4b89d1b1b8a011ab3071cd886ae
prime_sieve,50,6,baseline,9397659,105157616,99a7f7fb9baca773ead4dc5de32f095c32ffc4b89d1b1b8a011ab3071cd886ae
prime_sieve,50,6,candidate,7642949,101822131,99a7f7fb9baca773ead4dc5de32f095c32ffc4b89d1b1b8a011ab3071cd886ae
prime_sieve,50,6,python,38576,27767788,99a7f7fb9baca773ead4dc5de32f095c32ffc4b89d1b1b8a011ab3071cd886ae
prime_sieve,50,7,python,34944,26817014,99a7f7fb9baca773ead4dc5de32f095c32ffc4b89d1b1b8a011ab3071cd886ae
prime_sieve,50,7,candidate,7629267,103594606,99a7f7fb9baca773ead4dc5de32f095c32ffc4b89d1b1b8a011ab3071cd886ae
prime_sieve,50,7,baseline,9432206,103521563,99a7f7fb9baca773ead4dc5de32f095c32ffc4b89d1b1b8a011ab3071cd886ae
prime_sieve,50,8,baseline,9343562,108711331,99a7f7fb9baca773ead4dc5de32f095c32ffc4b89d1b1b8a011ab3071cd886ae
prime_sieve,50,8,candidate,7807296,103304801,99a7f7fb9baca773ead4dc5de32f095c32ffc4b89d1b1b8a011ab3071cd886ae
prime_sieve,50,8,python,34368,29099218,99a7f7fb9baca773ead4dc5de32f095c32ffc4b89d1b1b8a011ab3071cd886ae
prime_sieve,75,0,baseline,17841702,115453201,129d5423874b67c5f4de8c9acdf666d0aa7e09136b12de8f9d4d32b8c15cd763
prime_sieve,75,0,candidate,13325923,107146261,129d5423874b67c5f4de8c9acdf666d0aa7e09136b12de8f9d4d32b8c15cd763
prime_sieve,75,0,python,54967,27760587,129d5423874b67c5f4de8c9acdf666d0aa7e09136b12de8f9d4d32b8c15cd763
prime_sieve,75,1,python,91451,26529165,129d5423874b67c5f4de8c9acdf666d0aa7e09136b12de8f9d4d32b8c15cd763
prime_sieve,75,1,candidate,13332536,106821603,129d5423874b67c5f4de8c9acdf666d0aa7e09136b12de8f9d4d32b8c15cd763
prime_sieve,75,1,baseline,17124454,110647933,129d5423874b67c5f4de8c9acdf666d0aa7e09136b12de8f9d4d32b8c15cd763
prime_sieve,75,2,baseline,17254278,111130357,129d5423874b67c5f4de8c9acdf666d0aa7e09136b12de8f9d4d32b8c15cd763
prime_sieve,75,2,candidate,13329141,106861351,129d5423874b67c5f4de8c9acdf666d0aa7e09136b12de8f9d4d32b8c15cd763
prime_sieve,75,2,python,59007,27361162,129d5423874b67c5f4de8c9acdf666d0aa7e09136b12de8f9d4d32b8c15cd763
prime_sieve,75,3,python,56034,26538536,129d5423874b67c5f4de8c9acdf666d0aa7e09136b12de8f9d4d32b8c15cd763
prime_sieve,75,3,candidate,13373094,107506639,129d5423874b67c5f4de8c9acdf666d0aa7e09136b12de8f9d4d32b8c15cd763
prime_sieve,75,3,baseline,17177148,112019777,129d5423874b67c5f4de8c9acdf666d0aa7e09136b12de8f9d4d32b8c15cd763
prime_sieve,75,4,baseline,17182438,111903328,129d5423874b67c5f4de8c9acdf666d0aa7e09136b12de8f9d4d32b8c15cd763
prime_sieve,75,4,candidate,13347944,108047843,129d5423874b67c5f4de8c9acdf666d0aa7e09136b12de8f9d4d32b8c15cd763
prime_sieve,75,4,python,58648,28133142,129d5423874b67c5f4de8c9acdf666d0aa7e09136b12de8f9d4d32b8c15cd763
prime_sieve,75,5,python,57607,26733330,129d5423874b67c5f4de8c9acdf666d0aa7e09136b12de8f9d4d32b8c15cd763
prime_sieve,75,5,candidate,13357011,106665584,129d5423874b67c5f4de8c9acdf666d0aa7e09136b12de8f9d4d32b8c15cd763
prime_sieve,75,5,baseline,17115291,111521783,129d5423874b67c5f4de8c9acdf666d0aa7e09136b12de8f9d4d32b8c15cd763
prime_sieve,75,6,baseline,17280448,110872371,129d5423874b67c5f4de8c9acdf666d0aa7e09136b12de8f9d4d32b8c15cd763
prime_sieve,75,6,candidate,14203281,108096302,129d5423874b67c5f4de8c9acdf666d0aa7e09136b12de8f9d4d32b8c15cd763
prime_sieve,75,6,python,67211,27267817,129d5423874b67c5f4de8c9acdf666d0aa7e09136b12de8f9d4d32b8c15cd763
prime_sieve,75,7,python,55560,26679086,129d5423874b67c5f4de8c9acdf666d0aa7e09136b12de8f9d4d32b8c15cd763
prime_sieve,75,7,candidate,13654949,109883788,129d5423874b67c5f4de8c9acdf666d0aa7e09136b12de8f9d4d32b8c15cd763
prime_sieve,75,7,baseline,17287715,115037546,129d5423874b67c5f4de8c9acdf666d0aa7e09136b12de8f9d4d32b8c15cd763
prime_sieve,75,8,baseline,17310924,113664763,129d5423874b67c5f4de8c9acdf666d0aa7e09136b12de8f9d4d32b8c15cd763
prime_sieve,75,8,candidate,13371730,107911497,129d5423874b67c5f4de8c9acdf666d0aa7e09136b12de8f9d4d32b8c15cd763
prime_sieve,75,8,python,139358,28504124,129d5423874b67c5f4de8c9acdf666d0aa7e09136b12de8f9d4d32b8c15cd763
prime_sieve,100,0,baseline,24416507,120176637,ebe049aeb82284bd41b35f668e5f7f4236188dc6c7d689dcec65abeea1bf1eba
prime_sieve,100,0,candidate,18379649,112879580,ebe049aeb82284bd41b35f668e5f7f4236188dc6c7d689dcec65abeea1bf1eba
prime_sieve,100,0,python,80955,27713082,ebe049aeb82284bd41b35f668e5f7f4236188dc6c7d689dcec65abeea1bf1eba
prime_sieve,100,1,python,75670,26335285,ebe049aeb82284bd41b35f668e5f7f4236188dc6c7d689dcec65abeea1bf1eba
prime_sieve,100,1,candidate,20337442,117186443,ebe049aeb82284bd41b35f668e5f7f4236188dc6c7d689dcec65abeea1bf1eba
prime_sieve,100,1,baseline,24435598,119797622,ebe049aeb82284bd41b35f668e5f7f4236188dc6c7d689dcec65abeea1bf1eba
prime_sieve,100,2,baseline,24235049,121310311,ebe049aeb82284bd41b35f668e5f7f4236188dc6c7d689dcec65abeea1bf1eba
prime_sieve,100,2,candidate,19302180,113900090,ebe049aeb82284bd41b35f668e5f7f4236188dc6c7d689dcec65abeea1bf1eba
prime_sieve,100,2,python,77068,28677353,ebe049aeb82284bd41b35f668e5f7f4236188dc6c7d689dcec65abeea1bf1eba
prime_sieve,100,3,python,79467,26448678,ebe049aeb82284bd41b35f668e5f7f4236188dc6c7d689dcec65abeea1bf1eba
prime_sieve,100,3,candidate,18510667,111957345,ebe049aeb82284bd41b35f668e5f7f4236188dc6c7d689dcec65abeea1bf1eba
prime_sieve,100,3,baseline,24564717,119952077,ebe049aeb82284bd41b35f668e5f7f4236188dc6c7d689dcec65abeea1bf1eba
prime_sieve,100,4,baseline,24943732,120515319,ebe049aeb82284bd41b35f668e5f7f4236188dc6c7d689dcec65abeea1bf1eba
prime_sieve,100,4,candidate,18488119,114605777,ebe049aeb82284bd41b35f668e5f7f4236188dc6c7d689dcec65abeea1bf1eba
prime_sieve,100,4,python,81061,27698980,ebe049aeb82284bd41b35f668e5f7f4236188dc6c7d689dcec65abeea1bf1eba
prime_sieve,100,5,python,85734,26721366,ebe049aeb82284bd41b35f668e5f7f4236188dc6c7d689dcec65abeea1bf1eba
prime_sieve,100,5,candidate,18608670,112441282,ebe049aeb82284bd41b35f668e5f7f4236188dc6c7d689dcec65abeea1bf1eba
prime_sieve,100,5,baseline,24357340,119617386,ebe049aeb82284bd41b35f668e5f7f4236188dc6c7d689dcec65abeea1bf1eba
prime_sieve,100,6,baseline,24437457,118142548,ebe049aeb82284bd41b35f668e5f7f4236188dc6c7d689dcec65abeea1bf1eba
prime_sieve,100,6,candidate,18638024,112873942,ebe049aeb82284bd41b35f668e5f7f4236188dc6c7d689dcec65abeea1bf1eba
prime_sieve,100,6,python,76298,27991467,ebe049aeb82284bd41b35f668e5f7f4236188dc6c7d689dcec65abeea1bf1eba
prime_sieve,100,7,python,77232,26647043,ebe049aeb82284bd41b35f668e5f7f4236188dc6c7d689dcec65abeea1bf1eba
prime_sieve,100,7,candidate,18461282,112177418,ebe049aeb82284bd41b35f668e5f7f4236188dc6c7d689dcec65abeea1bf1eba
prime_sieve,100,7,baseline,24447174,118198601,ebe049aeb82284bd41b35f668e5f7f4236188dc6c7d689dcec65abeea1bf1eba
prime_sieve,100,8,baseline,24583618,120441278,ebe049aeb82284bd41b35f668e5f7f4236188dc6c7d689dcec65abeea1bf1eba
prime_sieve,100,8,candidate,18614369,112324425,ebe049aeb82284bd41b35f668e5f7f4236188dc6c7d689dcec65abeea1bf1eba
prime_sieve,100,8,python,81059,28001530,ebe049aeb82284bd41b35f668e5f7f4236188dc6c7d689dcec65abeea1bf1eba
fib,8,0,baseline,12633769,105880509,b29fd556fbba91f88d758fed73dc057fb78a40c1e3223618b8e96ee86a7d36cc
fib,8,0,candidate,12456718,106535905,b29fd556fbba91f88d758fed73dc057fb78a40c1e3223618b8e96ee86a7d36cc
fib,8,0,python,10077,27320542,b29fd556fbba91f88d758fed73dc057fb78a40c1e3223618b8e96ee86a7d36cc
fib,8,1,python,10181,26310547,b29fd556fbba91f88d758fed73dc057fb78a40c1e3223618b8e96ee86a7d36cc
fib,8,1,candidate,12414568,105456244,b29fd556fbba91f88d758fed73dc057fb78a40c1e3223618b8e96ee86a7d36cc
fib,8,1,baseline,12653442,106010110,b29fd556fbba91f88d758fed73dc057fb78a40c1e3223618b8e96ee86a7d36cc
fib,8,2,baseline,13089784,106881750,b29fd556fbba91f88d758fed73dc057fb78a40c1e3223618b8e96ee86a7d36cc
fib,8,2,candidate,12786146,107825009,b29fd556fbba91f88d758fed73dc057fb78a40c1e3223618b8e96ee86a7d36cc
fib,8,2,python,11422,28181381,b29fd556fbba91f88d758fed73dc057fb78a40c1e3223618b8e96ee86a7d36cc
fib,8,3,python,10841,27084533,b29fd556fbba91f88d758fed73dc057fb78a40c1e3223618b8e96ee86a7d36cc
fib,8,3,candidate,12483084,105596693,b29fd556fbba91f88d758fed73dc057fb78a40c1e3223618b8e96ee86a7d36cc
fib,8,3,baseline,12678169,105775349,b29fd556fbba91f88d758fed73dc057fb78a40c1e3223618b8e96ee86a7d36cc
fib,8,4,baseline,12789851,106292186,b29fd556fbba91f88d758fed73dc057fb78a40c1e3223618b8e96ee86a7d36cc
fib,8,4,candidate,12520267,106661968,b29fd556fbba91f88d758fed73dc057fb78a40c1e3223618b8e96ee86a7d36cc
fib,8,4,python,9920,27246769,b29fd556fbba91f88d758fed73dc057fb78a40c1e3223618b8e96ee86a7d36cc
fib,8,5,python,9807,26264772,b29fd556fbba91f88d758fed73dc057fb78a40c1e3223618b8e96ee86a7d36cc
fib,8,5,candidate,12454442,105894932,b29fd556fbba91f88d758fed73dc057fb78a40c1e3223618b8e96ee86a7d36cc
fib,8,5,baseline,12598708,106103259,b29fd556fbba91f88d758fed73dc057fb78a40c1e3223618b8e96ee86a7d36cc
fib,8,6,baseline,12604693,105467312,b29fd556fbba91f88d758fed73dc057fb78a40c1e3223618b8e96ee86a7d36cc
fib,8,6,candidate,12409070,105137687,b29fd556fbba91f88d758fed73dc057fb78a40c1e3223618b8e96ee86a7d36cc
fib,8,6,python,10656,27007256,b29fd556fbba91f88d758fed73dc057fb78a40c1e3223618b8e96ee86a7d36cc
fib,8,7,python,10065,26529096,b29fd556fbba91f88d758fed73dc057fb78a40c1e3223618b8e96ee86a7d36cc
fib,8,7,candidate,12507930,106476115,b29fd556fbba91f88d758fed73dc057fb78a40c1e3223618b8e96ee86a7d36cc
fib,8,7,baseline,12735209,106113842,b29fd556fbba91f88d758fed73dc057fb78a40c1e3223618b8e96ee86a7d36cc
fib,8,8,baseline,12680720,106079174,b29fd556fbba91f88d758fed73dc057fb78a40c1e3223618b8e96ee86a7d36cc
fib,8,8,candidate,12630407,105762621,b29fd556fbba91f88d758fed73dc057fb78a40c1e3223618b8e96ee86a7d36cc
fib,8,8,python,10959,28184360,b29fd556fbba91f88d758fed73dc057fb78a40c1e3223618b8e96ee86a7d36cc
fib,9,0,baseline,20909425,116463739,4468d89c27af79abf207da3b2da33101931df1c4b25687f713e417891d80689c
fib,9,0,candidate,20271840,114479067,4468d89c27af79abf207da3b2da33101931df1c4b25687f713e417891d80689c
fib,9,0,python,14737,27008531,4468d89c27af79abf207da3b2da33101931df1c4b25687f713e417891d80689c
fib,9,1,python,14831,26413599,4468d89c27af79abf207da3b2da33101931df1c4b25687f713e417891d80689c
fib,9,1,candidate,20003854,113437325,4468d89c27af79abf207da3b2da33101931df1c4b25687f713e417891d80689c
fib,9,1,baseline,20305377,113553703,4468d89c27af79abf207da3b2da33101931df1c4b25687f713e417891d80689c
fib,9,2,baseline,20085126,114231563,4468d89c27af79abf207da3b2da33101931df1c4b25687f713e417891d80689c
fib,9,2,candidate,19942330,112660537,4468d89c27af79abf207da3b2da33101931df1c4b25687f713e417891d80689c
fib,9,2,python,14822,27437719,4468d89c27af79abf207da3b2da33101931df1c4b25687f713e417891d80689c
fib,9,3,python,14674,26816177,4468d89c27af79abf207da3b2da33101931df1c4b25687f713e417891d80689c
fib,9,3,candidate,20011578,113185676,4468d89c27af79abf207da3b2da33101931df1c4b25687f713e417891d80689c
fib,9,3,baseline,20502326,114456126,4468d89c27af79abf207da3b2da33101931df1c4b25687f713e417891d80689c
fib,9,4,baseline,20276690,113525234,4468d89c27af79abf207da3b2da33101931df1c4b25687f713e417891d80689c
fib,9,4,candidate,19910833,113124624,4468d89c27af79abf207da3b2da33101931df1c4b25687f713e417891d80689c
fib,9,4,python,14561,27212692,4468d89c27af79abf207da3b2da33101931df1c4b25687f713e417891d80689c
fib,9,5,python,15006,26449167,4468d89c27af79abf207da3b2da33101931df1c4b25687f713e417891d80689c
fib,9,5,candidate,19899648,112919274,4468d89c27af79abf207da3b2da33101931df1c4b25687f713e417891d80689c
fib,9,5,baseline,20415868,113227728,4468d89c27af79abf207da3b2da33101931df1c4b25687f713e417891d80689c
fib,9,6,baseline,20305737,113594789,4468d89c27af79abf207da3b2da33101931df1c4b25687f713e417891d80689c
fib,9,6,candidate,20471337,114702125,4468d89c27af79abf207da3b2da33101931df1c4b25687f713e417891d80689c
fib,9,6,python,15155,27876837,4468d89c27af79abf207da3b2da33101931df1c4b25687f713e417891d80689c
fib,9,7,python,14291,27043726,4468d89c27af79abf207da3b2da33101931df1c4b25687f713e417891d80689c
fib,9,7,candidate,19990749,114111935,4468d89c27af79abf207da3b2da33101931df1c4b25687f713e417891d80689c
fib,9,7,baseline,20280370,113484587,4468d89c27af79abf207da3b2da33101931df1c4b25687f713e417891d80689c
fib,9,8,baseline,20326313,114317451,4468d89c27af79abf207da3b2da33101931df1c4b25687f713e417891d80689c
fib,9,8,candidate,19957669,112499008,4468d89c27af79abf207da3b2da33101931df1c4b25687f713e417891d80689c
fib,9,8,python,14688,27628580,4468d89c27af79abf207da3b2da33101931df1c4b25687f713e417891d80689c
fib,10,0,baseline,32809820,126975846,f4984ece981404282fe7b950d27eb561949838ac6efb94fbe402a0132eaf3216
fib,10,0,candidate,32145238,126771521,f4984ece981404282fe7b950d27eb561949838ac6efb94fbe402a0132eaf3216
fib,10,0,python,19214,27737708,f4984ece981404282fe7b950d27eb561949838ac6efb94fbe402a0132eaf3216
fib,10,1,python,18874,26293409,f4984ece981404282fe7b950d27eb561949838ac6efb94fbe402a0132eaf3216
fib,10,1,candidate,32303454,125478642,f4984ece981404282fe7b950d27eb561949838ac6efb94fbe402a0132eaf3216
fib,10,1,baseline,32583199,126963386,f4984ece981404282fe7b950d27eb561949838ac6efb94fbe402a0132eaf3216
fib,10,2,baseline,32613895,126517034,f4984ece981404282fe7b950d27eb561949838ac6efb94fbe402a0132eaf3216
fib,10,2,candidate,32066042,125518934,f4984ece981404282fe7b950d27eb561949838ac6efb94fbe402a0132eaf3216
fib,10,2,python,19568,27413232,f4984ece981404282fe7b950d27eb561949838ac6efb94fbe402a0132eaf3216
fib,10,3,python,18980,26121331,f4984ece981404282fe7b950d27eb561949838ac6efb94fbe402a0132eaf3216
fib,10,3,candidate,32081291,124195298,f4984ece981404282fe7b950d27eb561949838ac6efb94fbe402a0132eaf3216
fib,10,3,baseline,32811470,126187192,f4984ece981404282fe7b950d27eb561949838ac6efb94fbe402a0132eaf3216
fib,10,4,baseline,32645010,126214171,f4984ece981404282fe7b950d27eb561949838ac6efb94fbe402a0132eaf3216
fib,10,4,candidate,32174341,124824534,f4984ece981404282fe7b950d27eb561949838ac6efb94fbe402a0132eaf3216
fib,10,4,python,19749,27379976,f4984ece981404282fe7b950d27eb561949838ac6efb94fbe402a0132eaf3216
fib,10,5,python,18853,26306502,f4984ece981404282fe7b950d27eb561949838ac6efb94fbe402a0132eaf3216
fib,10,5,candidate,32040317,124857491,f4984ece981404282fe7b950d27eb561949838ac6efb94fbe402a0132eaf3216
fib,10,5,baseline,32601209,127283077,f4984ece981404282fe7b950d27eb561949838ac6efb94fbe402a0132eaf3216
fib,10,6,baseline,32726667,127972616,f4984ece981404282fe7b950d27eb561949838ac6efb94fbe402a0132eaf3216
fib,10,6,candidate,31832742,126752670,f4984ece981404282fe7b950d27eb561949838ac6efb94fbe402a0132eaf3216
fib,10,6,python,19212,28023330,f4984ece981404282fe7b950d27eb561949838ac6efb94fbe402a0132eaf3216
fib,10,7,python,19719,26922029,f4984ece981404282fe7b950d27eb561949838ac6efb94fbe402a0132eaf3216
fib,10,7,candidate,32812032,125760440,f4984ece981404282fe7b950d27eb561949838ac6efb94fbe402a0132eaf3216
fib,10,7,baseline,32644820,126996845,f4984ece981404282fe7b950d27eb561949838ac6efb94fbe402a0132eaf3216
fib,10,8,baseline,32765521,127911933,f4984ece981404282fe7b950d27eb561949838ac6efb94fbe402a0132eaf3216
fib,10,8,candidate,31993468,126056140,f4984ece981404282fe7b950d27eb561949838ac6efb94fbe402a0132eaf3216
fib,10,8,python,20073,27877256,f4984ece981404282fe7b950d27eb561949838ac6efb94fbe402a0132eaf3216
nqueens,4,0,baseline,10093661,103131425,1ce0201eada0f2694c5dc9ddf674332881751b9b30031847708eef34562f702a
nqueens,4,0,candidate,9941020,104037918,1ce0201eada0f2694c5dc9ddf674332881751b9b30031847708eef34562f702a
nqueens,4,0,python,21646,28357927,1ce0201eada0f2694c5dc9ddf674332881751b9b30031847708eef34562f702a
nqueens,4,1,python,20100,26599955,1ce0201eada0f2694c5dc9ddf674332881751b9b30031847708eef34562f702a
nqueens,4,1,candidate,9988844,103603482,1ce0201eada0f2694c5dc9ddf674332881751b9b30031847708eef34562f702a
nqueens,4,1,baseline,10087902,104743171,1ce0201eada0f2694c5dc9ddf674332881751b9b30031847708eef34562f702a
nqueens,4,2,baseline,10590720,104720193,1ce0201eada0f2694c5dc9ddf674332881751b9b30031847708eef34562f702a
nqueens,4,2,candidate,9948278,103433205,1ce0201eada0f2694c5dc9ddf674332881751b9b30031847708eef34562f702a
nqueens,4,2,python,20816,28000908,1ce0201eada0f2694c5dc9ddf674332881751b9b30031847708eef34562f702a
nqueens,4,3,python,19487,26737812,1ce0201eada0f2694c5dc9ddf674332881751b9b30031847708eef34562f702a
nqueens,4,3,candidate,10031208,104030943,1ce0201eada0f2694c5dc9ddf674332881751b9b30031847708eef34562f702a
nqueens,4,3,baseline,10148910,104831632,1ce0201eada0f2694c5dc9ddf674332881751b9b30031847708eef34562f702a
nqueens,4,4,baseline,10097932,104184466,1ce0201eada0f2694c5dc9ddf674332881751b9b30031847708eef34562f702a
nqueens,4,4,candidate,9977752,103089529,1ce0201eada0f2694c5dc9ddf674332881751b9b30031847708eef34562f702a
nqueens,4,4,python,20963,27266944,1ce0201eada0f2694c5dc9ddf674332881751b9b30031847708eef34562f702a
nqueens,4,5,python,20174,27266696,1ce0201eada0f2694c5dc9ddf674332881751b9b30031847708eef34562f702a
nqueens,4,5,candidate,9931514,103370083,1ce0201eada0f2694c5dc9ddf674332881751b9b30031847708eef34562f702a
nqueens,4,5,baseline,10074925,105862420,1ce0201eada0f2694c5dc9ddf674332881751b9b30031847708eef34562f702a
nqueens,4,6,baseline,10111359,104354337,1ce0201eada0f2694c5dc9ddf674332881751b9b30031847708eef34562f702a
nqueens,4,6,candidate,9915367,106607680,1ce0201eada0f2694c5dc9ddf674332881751b9b30031847708eef34562f702a
nqueens,4,6,python,21250,27974056,1ce0201eada0f2694c5dc9ddf674332881751b9b30031847708eef34562f702a
nqueens,4,7,python,20746,26231543,1ce0201eada0f2694c5dc9ddf674332881751b9b30031847708eef34562f702a
nqueens,4,7,candidate,10484786,105992723,1ce0201eada0f2694c5dc9ddf674332881751b9b30031847708eef34562f702a
nqueens,4,7,baseline,10198474,105954723,1ce0201eada0f2694c5dc9ddf674332881751b9b30031847708eef34562f702a
nqueens,4,8,baseline,10239503,105363771,1ce0201eada0f2694c5dc9ddf674332881751b9b30031847708eef34562f702a
nqueens,4,8,candidate,10467466,104066911,1ce0201eada0f2694c5dc9ddf674332881751b9b30031847708eef34562f702a
nqueens,4,8,python,20954,27107624,1ce0201eada0f2694c5dc9ddf674332881751b9b30031847708eef34562f702a
nqueens,5,0,baseline,30286312,125018414,db9e2c68de0496bd3b07b144fb8f6451856efc07c935cedf4abe1927bd097546
nqueens,5,0,candidate,29831458,122739404,db9e2c68de0496bd3b07b144fb8f6451856efc07c935cedf4abe1927bd097546
nqueens,5,0,python,38637,28088478,db9e2c68de0496bd3b07b144fb8f6451856efc07c935cedf4abe1927bd097546
nqueens,5,1,python,39269,27484725,db9e2c68de0496bd3b07b144fb8f6451856efc07c935cedf4abe1927bd097546
nqueens,5,1,candidate,30469046,123987197,db9e2c68de0496bd3b07b144fb8f6451856efc07c935cedf4abe1927bd097546
nqueens,5,1,baseline,30468179,126609968,db9e2c68de0496bd3b07b144fb8f6451856efc07c935cedf4abe1927bd097546
nqueens,5,2,baseline,31847956,126458759,db9e2c68de0496bd3b07b144fb8f6451856efc07c935cedf4abe1927bd097546
nqueens,5,2,candidate,30009155,125133266,db9e2c68de0496bd3b07b144fb8f6451856efc07c935cedf4abe1927bd097546
nqueens,5,2,python,38128,27729252,db9e2c68de0496bd3b07b144fb8f6451856efc07c935cedf4abe1927bd097546
nqueens,5,3,python,41503,26971773,db9e2c68de0496bd3b07b144fb8f6451856efc07c935cedf4abe1927bd097546
nqueens,5,3,candidate,29927687,123512140,db9e2c68de0496bd3b07b144fb8f6451856efc07c935cedf4abe1927bd097546
nqueens,5,3,baseline,30429808,124640174,db9e2c68de0496bd3b07b144fb8f6451856efc07c935cedf4abe1927bd097546
nqueens,5,4,baseline,30305681,123561234,db9e2c68de0496bd3b07b144fb8f6451856efc07c935cedf4abe1927bd097546
nqueens,5,4,candidate,30988923,125839317,db9e2c68de0496bd3b07b144fb8f6451856efc07c935cedf4abe1927bd097546
nqueens,5,4,python,38979,27937132,db9e2c68de0496bd3b07b144fb8f6451856efc07c935cedf4abe1927bd097546
nqueens,5,5,python,37095,26848062,db9e2c68de0496bd3b07b144fb8f6451856efc07c935cedf4abe1927bd097546
nqueens,5,5,candidate,29812590,124959298,db9e2c68de0496bd3b07b144fb8f6451856efc07c935cedf4abe1927bd097546
nqueens,5,5,baseline,30296185,124012392,db9e2c68de0496bd3b07b144fb8f6451856efc07c935cedf4abe1927bd097546
nqueens,5,6,baseline,30448032,124924825,db9e2c68de0496bd3b07b144fb8f6451856efc07c935cedf4abe1927bd097546
nqueens,5,6,candidate,29962657,125002836,db9e2c68de0496bd3b07b144fb8f6451856efc07c935cedf4abe1927bd097546
nqueens,5,6,python,37409,28418656,db9e2c68de0496bd3b07b144fb8f6451856efc07c935cedf4abe1927bd097546
nqueens,5,7,python,40501,26342995,db9e2c68de0496bd3b07b144fb8f6451856efc07c935cedf4abe1927bd097546
nqueens,5,7,candidate,29716758,123776590,db9e2c68de0496bd3b07b144fb8f6451856efc07c935cedf4abe1927bd097546
nqueens,5,7,baseline,30318826,124576132,db9e2c68de0496bd3b07b144fb8f6451856efc07c935cedf4abe1927bd097546
nqueens,5,8,baseline,30290871,124399900,db9e2c68de0496bd3b07b144fb8f6451856efc07c935cedf4abe1927bd097546
nqueens,5,8,candidate,29810381,124356945,db9e2c68de0496bd3b07b144fb8f6451856efc07c935cedf4abe1927bd097546
nqueens,5,8,python,38053,27403998,db9e2c68de0496bd3b07b144fb8f6451856efc07c935cedf4abe1927bd097546
nqueens,6,0,baseline,86389476,181908219,69c4e2f0e029684c0708dc099d626eeec8ee9de6d098a1d1ba60bf62df48eba4
nqueens,6,0,candidate,84162257,179552923,69c4e2f0e029684c0708dc099d626eeec8ee9de6d098a1d1ba60bf62df48eba4
nqueens,6,0,python,82386,27531393,69c4e2f0e029684c0708dc099d626eeec8ee9de6d098a1d1ba60bf62df48eba4
nqueens,6,1,python,78684,26641143,69c4e2f0e029684c0708dc099d626eeec8ee9de6d098a1d1ba60bf62df48eba4
nqueens,6,1,candidate,84609956,179158560,69c4e2f0e029684c0708dc099d626eeec8ee9de6d098a1d1ba60bf62df48eba4
nqueens,6,1,baseline,85756851,179489330,69c4e2f0e029684c0708dc099d626eeec8ee9de6d098a1d1ba60bf62df48eba4
nqueens,6,2,baseline,86005952,179356956,69c4e2f0e029684c0708dc099d626eeec8ee9de6d098a1d1ba60bf62df48eba4
nqueens,6,2,candidate,84502750,177882277,69c4e2f0e029684c0708dc099d626eeec8ee9de6d098a1d1ba60bf62df48eba4
nqueens,6,2,python,79708,27385357,69c4e2f0e029684c0708dc099d626eeec8ee9de6d098a1d1ba60bf62df48eba4
nqueens,6,3,python,79311,26266222,69c4e2f0e029684c0708dc099d626eeec8ee9de6d098a1d1ba60bf62df48eba4
nqueens,6,3,candidate,84006069,177042459,69c4e2f0e029684c0708dc099d626eeec8ee9de6d098a1d1ba60bf62df48eba4
nqueens,6,3,baseline,85810377,179488163,69c4e2f0e029684c0708dc099d626eeec8ee9de6d098a1d1ba60bf62df48eba4
nqueens,6,4,baseline,86382193,182332435,69c4e2f0e029684c0708dc099d626eeec8ee9de6d098a1d1ba60bf62df48eba4
nqueens,6,4,candidate,85243547,179174882,69c4e2f0e029684c0708dc099d626eeec8ee9de6d098a1d1ba60bf62df48eba4
nqueens,6,4,python,84518,28033526,69c4e2f0e029684c0708dc099d626eeec8ee9de6d098a1d1ba60bf62df48eba4
nqueens,6,5,python,78134,26400108,69c4e2f0e029684c0708dc099d626eeec8ee9de6d098a1d1ba60bf62df48eba4
nqueens,6,5,candidate,84317696,179933053,69c4e2f0e029684c0708dc099d626eeec8ee9de6d098a1d1ba60bf62df48eba4
nqueens,6,5,baseline,89016786,184179595,69c4e2f0e029684c0708dc099d626eeec8ee9de6d098a1d1ba60bf62df48eba4
nqueens,6,6,baseline,87362154,183430321,69c4e2f0e029684c0708dc099d626eeec8ee9de6d098a1d1ba60bf62df48eba4
nqueens,6,6,candidate,84933500,181295516,69c4e2f0e029684c0708dc099d626eeec8ee9de6d098a1d1ba60bf62df48eba4
nqueens,6,6,python,81176,27890170,69c4e2f0e029684c0708dc099d626eeec8ee9de6d098a1d1ba60bf62df48eba4
nqueens,6,7,python,80527,26485163,69c4e2f0e029684c0708dc099d626eeec8ee9de6d098a1d1ba60bf62df48eba4
nqueens,6,7,candidate,85519057,178982570,69c4e2f0e029684c0708dc099d626eeec8ee9de6d098a1d1ba60bf62df48eba4
nqueens,6,7,baseline,86453340,182638712,69c4e2f0e029684c0708dc099d626eeec8ee9de6d098a1d1ba60bf62df48eba4
nqueens,6,8,baseline,86005752,180547853,69c4e2f0e029684c0708dc099d626eeec8ee9de6d098a1d1ba60bf62df48eba4
nqueens,6,8,candidate,85310146,180460642,69c4e2f0e029684c0708dc099d626eeec8ee9de6d098a1d1ba60bf62df48eba4
nqueens,6,8,python,90552,28721759,69c4e2f0e029684c0708dc099d626eeec8ee9de6d098a1d1ba60bf62df48eba4
quicksort,32,0,baseline,6275340,103286174,57de568a9faccb995099667ab5418c0bee36be7151dd697d3e800297d55363d5
quicksort,32,0,candidate,4937579,102908116,57de568a9faccb995099667ab5418c0bee36be7151dd697d3e800297d55363d5
quicksort,32,0,python,22621,27733924,57de568a9faccb995099667ab5418c0bee36be7151dd697d3e800297d55363d5
quicksort,32,1,python,22136,26768277,57de568a9faccb995099667ab5418c0bee36be7151dd697d3e800297d55363d5
quicksort,32,1,candidate,5466302,101787799,57de568a9faccb995099667ab5418c0bee36be7151dd697d3e800297d55363d5
quicksort,32,1,baseline,6304886,103920724,57de568a9faccb995099667ab5418c0bee36be7151dd697d3e800297d55363d5
quicksort,32,2,baseline,6305777,104400103,57de568a9faccb995099667ab5418c0bee36be7151dd697d3e800297d55363d5
quicksort,32,2,candidate,4928966,102702775,57de568a9faccb995099667ab5418c0bee36be7151dd697d3e800297d55363d5
quicksort,32,2,python,22561,27022649,57de568a9faccb995099667ab5418c0bee36be7151dd697d3e800297d55363d5
quicksort,32,3,python,23151,26516876,57de568a9faccb995099667ab5418c0bee36be7151dd697d3e800297d55363d5
quicksort,32,3,candidate,4899921,101541046,57de568a9faccb995099667ab5418c0bee36be7151dd697d3e800297d55363d5
quicksort,32,3,baseline,6200512,103766919,57de568a9faccb995099667ab5418c0bee36be7151dd697d3e800297d55363d5
quicksort,32,4,baseline,6309569,102662551,57de568a9faccb995099667ab5418c0bee36be7151dd697d3e800297d55363d5
quicksort,32,4,candidate,4962187,100241920,57de568a9faccb995099667ab5418c0bee36be7151dd697d3e800297d55363d5
quicksort,32,4,python,22962,27121411,57de568a9faccb995099667ab5418c0bee36be7151dd697d3e800297d55363d5
quicksort,32,5,python,21826,26457049,57de568a9faccb995099667ab5418c0bee36be7151dd697d3e800297d55363d5
quicksort,32,5,candidate,4919866,100379237,57de568a9faccb995099667ab5418c0bee36be7151dd697d3e800297d55363d5
quicksort,32,5,baseline,6281183,103110794,57de568a9faccb995099667ab5418c0bee36be7151dd697d3e800297d55363d5
quicksort,32,6,baseline,6248859,102155992,57de568a9faccb995099667ab5418c0bee36be7151dd697d3e800297d55363d5
quicksort,32,6,candidate,4913000,101863339,57de568a9faccb995099667ab5418c0bee36be7151dd697d3e800297d55363d5
quicksort,32,6,python,22271,27129630,57de568a9faccb995099667ab5418c0bee36be7151dd697d3e800297d55363d5
quicksort,32,7,python,22368,26091800,57de568a9faccb995099667ab5418c0bee36be7151dd697d3e800297d55363d5
quicksort,32,7,candidate,4898131,101333748,57de568a9faccb995099667ab5418c0bee36be7151dd697d3e800297d55363d5
quicksort,32,7,baseline,6303811,102851412,57de568a9faccb995099667ab5418c0bee36be7151dd697d3e800297d55363d5
quicksort,32,8,baseline,6217249,103876710,57de568a9faccb995099667ab5418c0bee36be7151dd697d3e800297d55363d5
quicksort,32,8,candidate,4954962,105365998,57de568a9faccb995099667ab5418c0bee36be7151dd697d3e800297d55363d5
quicksort,32,8,python,22352,28227892,57de568a9faccb995099667ab5418c0bee36be7151dd697d3e800297d55363d5
quicksort,64,0,baseline,13194676,110886694,57de568a9faccb995099667ab5418c0bee36be7151dd697d3e800297d55363d5
quicksort,64,0,candidate,9432466,108202088,57de568a9faccb995099667ab5418c0bee36be7151dd697d3e800297d55363d5
quicksort,64,0,python,45634,28113091,57de568a9faccb995099667ab5418c0bee36be7151dd697d3e800297d55363d5
quicksort,64,1,python,49060,26316249,57de568a9faccb995099667ab5418c0bee36be7151dd697d3e800297d55363d5
quicksort,64,1,candidate,9638282,107975213,57de568a9faccb995099667ab5418c0bee36be7151dd697d3e800297d55363d5
quicksort,64,1,baseline,12660595,111361617,57de568a9faccb995099667ab5418c0bee36be7151dd697d3e800297d55363d5
quicksort,64,2,baseline,12656939,110440917,57de568a9faccb995099667ab5418c0bee36be7151dd697d3e800297d55363d5
quicksort,64,2,candidate,9482629,107583416,57de568a9faccb995099667ab5418c0bee36be7151dd697d3e800297d55363d5
quicksort,64,2,python,48497,27263196,57de568a9faccb995099667ab5418c0bee36be7151dd697d3e800297d55363d5
quicksort,64,3,python,45419,26472339,57de568a9faccb995099667ab5418c0bee36be7151dd697d3e800297d55363d5
quicksort,64,3,candidate,10154480,109642391,57de568a9faccb995099667ab5418c0bee36be7151dd697d3e800297d55363d5
quicksort,64,3,baseline,12619263,109960448,57de568a9faccb995099667ab5418c0bee36be7151dd697d3e800297d55363d5
quicksort,64,4,baseline,14187230,112579748,57de568a9faccb995099667ab5418c0bee36be7151dd697d3e800297d55363d5
quicksort,64,4,candidate,9501270,107805006,57de568a9faccb995099667ab5418c0bee36be7151dd697d3e800297d55363d5
quicksort,64,4,python,45054,27722814,57de568a9faccb995099667ab5418c0bee36be7151dd697d3e800297d55363d5
quicksort,64,5,python,46149,26413115,57de568a9faccb995099667ab5418c0bee36be7151dd697d3e800297d55363d5
quicksort,64,5,candidate,9458234,107827582,57de568a9faccb995099667ab5418c0bee36be7151dd697d3e800297d55363d5
quicksort,64,5,baseline,12719645,112214702,57de568a9faccb995099667ab5418c0bee36be7151dd697d3e800297d55363d5
quicksort,64,6,baseline,12651372,110508471,57de568a9faccb995099667ab5418c0bee36be7151dd697d3e800297d55363d5
quicksort,64,6,candidate,9547837,107641329,57de568a9faccb995099667ab5418c0bee36be7151dd697d3e800297d55363d5
quicksort,64,6,python,46284,27694967,57de568a9faccb995099667ab5418c0bee36be7151dd697d3e800297d55363d5
quicksort,64,7,python,45318,27048564,57de568a9faccb995099667ab5418c0bee36be7151dd697d3e800297d55363d5
quicksort,64,7,candidate,9534055,106927097,57de568a9faccb995099667ab5418c0bee36be7151dd697d3e800297d55363d5
quicksort,64,7,baseline,12612751,110349075,57de568a9faccb995099667ab5418c0bee36be7151dd697d3e800297d55363d5
quicksort,64,8,baseline,12783957,111831580,57de568a9faccb995099667ab5418c0bee36be7151dd697d3e800297d55363d5
quicksort,64,8,candidate,10197153,108890607,57de568a9faccb995099667ab5418c0bee36be7151dd697d3e800297d55363d5
quicksort,64,8,python,45767,27372745,57de568a9faccb995099667ab5418c0bee36be7151dd697d3e800297d55363d5
quicksort,128,0,baseline,27622435,126103905,bbda28afdba875990fbdb5622653b1fe69068bd713e72aa25b42ebf07d72b3f8
quicksort,128,0,candidate,19870510,117466242,bbda28afdba875990fbdb5622653b1fe69068bd713e72aa25b42ebf07d72b3f8
quicksort,128,0,python,87474,28056762,bbda28afdba875990fbdb5622653b1fe69068bd713e72aa25b42ebf07d72b3f8
quicksort,128,1,python,86176,26763053,bbda28afdba875990fbdb5622653b1fe69068bd713e72aa25b42ebf07d72b3f8
quicksort,128,1,candidate,19771617,118217299,bbda28afdba875990fbdb5622653b1fe69068bd713e72aa25b42ebf07d72b3f8
quicksort,128,1,baseline,26923323,125663205,bbda28afdba875990fbdb5622653b1fe69068bd713e72aa25b42ebf07d72b3f8
quicksort,128,2,baseline,26601720,126235200,bbda28afdba875990fbdb5622653b1fe69068bd713e72aa25b42ebf07d72b3f8
quicksort,128,2,candidate,20045072,118298592,bbda28afdba875990fbdb5622653b1fe69068bd713e72aa25b42ebf07d72b3f8
quicksort,128,2,python,89320,27400595,bbda28afdba875990fbdb5622653b1fe69068bd713e72aa25b42ebf07d72b3f8
quicksort,128,3,python,87830,26374925,bbda28afdba875990fbdb5622653b1fe69068bd713e72aa25b42ebf07d72b3f8
quicksort,128,3,candidate,19658236,117236878,bbda28afdba875990fbdb5622653b1fe69068bd713e72aa25b42ebf07d72b3f8
quicksort,128,3,baseline,26573620,124234542,bbda28afdba875990fbdb5622653b1fe69068bd713e72aa25b42ebf07d72b3f8
quicksort,128,4,baseline,26817740,126197140,bbda28afdba875990fbdb5622653b1fe69068bd713e72aa25b42ebf07d72b3f8
quicksort,128,4,candidate,19873134,117092599,bbda28afdba875990fbdb5622653b1fe69068bd713e72aa25b42ebf07d72b3f8
quicksort,128,4,python,88895,27463927,bbda28afdba875990fbdb5622653b1fe69068bd713e72aa25b42ebf07d72b3f8
quicksort,128,5,python,88815,26510979,bbda28afdba875990fbdb5622653b1fe69068bd713e72aa25b42ebf07d72b3f8
quicksort,128,5,candidate,19843078,117199768,bbda28afdba875990fbdb5622653b1fe69068bd713e72aa25b42ebf07d72b3f8
quicksort,128,5,baseline,27631005,126885792,bbda28afdba875990fbdb5622653b1fe69068bd713e72aa25b42ebf07d72b3f8
quicksort,128,6,baseline,27042731,127272336,bbda28afdba875990fbdb5622653b1fe69068bd713e72aa25b42ebf07d72b3f8
quicksort,128,6,candidate,19882448,119591826,bbda28afdba875990fbdb5622653b1fe69068bd713e72aa25b42ebf07d72b3f8
quicksort,128,6,python,87616,28532004,bbda28afdba875990fbdb5622653b1fe69068bd713e72aa25b42ebf07d72b3f8
quicksort,128,7,python,86791,28212968,bbda28afdba875990fbdb5622653b1fe69068bd713e72aa25b42ebf07d72b3f8
quicksort,128,7,candidate,20411980,120966316,bbda28afdba875990fbdb5622653b1fe69068bd713e72aa25b42ebf07d72b3f8
quicksort,128,7,baseline,26900784,127041733,bbda28afdba875990fbdb5622653b1fe69068bd713e72aa25b42ebf07d72b3f8
quicksort,128,8,baseline,27585517,129169672,bbda28afdba875990fbdb5622653b1fe69068bd713e72aa25b42ebf07d72b3f8
quicksort,128,8,candidate,20662357,119943757,bbda28afdba875990fbdb5622653b1fe69068bd713e72aa25b42ebf07d72b3f8
quicksort,128,8,python,89389,27709744,bbda28afdba875990fbdb5622653b1fe69068bd713e72aa25b42ebf07d72b3f8
binary_search,16,0,baseline,10197966,105242122,b04bd078765ce9d70851982ca31f5fe63c92e1978fc9f2c9fe240df7df7c27b9
binary_search,16,0,candidate,9786958,105849321,b04bd078765ce9d70851982ca31f5fe63c92e1978fc9f2c9fe240df7df7c27b9
binary_search,16,0,python,12656,27880095,b04bd078765ce9d70851982ca31f5fe63c92e1978fc9f2c9fe240df7df7c27b9
binary_search,16,1,python,13310,26876918,b04bd078765ce9d70851982ca31f5fe63c92e1978fc9f2c9fe240df7df7c27b9
binary_search,16,1,candidate,9777393,104682013,b04bd078765ce9d70851982ca31f5fe63c92e1978fc9f2c9fe240df7df7c27b9
binary_search,16,1,baseline,10433935,109116979,b04bd078765ce9d70851982ca31f5fe63c92e1978fc9f2c9fe240df7df7c27b9
binary_search,16,2,baseline,10500614,107984478,b04bd078765ce9d70851982ca31f5fe63c92e1978fc9f2c9fe240df7df7c27b9
binary_search,16,2,candidate,9852623,105861920,b04bd078765ce9d70851982ca31f5fe63c92e1978fc9f2c9fe240df7df7c27b9
binary_search,16,2,python,13623,27496221,b04bd078765ce9d70851982ca31f5fe63c92e1978fc9f2c9fe240df7df7c27b9
binary_search,16,3,python,13321,26481431,b04bd078765ce9d70851982ca31f5fe63c92e1978fc9f2c9fe240df7df7c27b9
binary_search,16,3,candidate,9703052,104858719,b04bd078765ce9d70851982ca31f5fe63c92e1978fc9f2c9fe240df7df7c27b9
binary_search,16,3,baseline,10240524,105188445,b04bd078765ce9d70851982ca31f5fe63c92e1978fc9f2c9fe240df7df7c27b9
binary_search,16,4,baseline,10260807,106081570,b04bd078765ce9d70851982ca31f5fe63c92e1978fc9f2c9fe240df7df7c27b9
binary_search,16,4,candidate,9775145,104850224,b04bd078765ce9d70851982ca31f5fe63c92e1978fc9f2c9fe240df7df7c27b9
binary_search,16,4,python,13469,27765736,b04bd078765ce9d70851982ca31f5fe63c92e1978fc9f2c9fe240df7df7c27b9
binary_search,16,5,python,13241,26527797,b04bd078765ce9d70851982ca31f5fe63c92e1978fc9f2c9fe240df7df7c27b9
binary_search,16,5,candidate,9911762,104886262,b04bd078765ce9d70851982ca31f5fe63c92e1978fc9f2c9fe240df7df7c27b9
binary_search,16,5,baseline,10188642,106377153,b04bd078765ce9d70851982ca31f5fe63c92e1978fc9f2c9fe240df7df7c27b9
binary_search,16,6,baseline,10197871,104585593,b04bd078765ce9d70851982ca31f5fe63c92e1978fc9f2c9fe240df7df7c27b9
binary_search,16,6,candidate,9916135,106564027,b04bd078765ce9d70851982ca31f5fe63c92e1978fc9f2c9fe240df7df7c27b9
binary_search,16,6,python,13166,28653749,b04bd078765ce9d70851982ca31f5fe63c92e1978fc9f2c9fe240df7df7c27b9
binary_search,16,7,python,13019,26466542,b04bd078765ce9d70851982ca31f5fe63c92e1978fc9f2c9fe240df7df7c27b9
binary_search,16,7,candidate,9713715,104544094,b04bd078765ce9d70851982ca31f5fe63c92e1978fc9f2c9fe240df7df7c27b9
binary_search,16,7,baseline,10322163,106102489,b04bd078765ce9d70851982ca31f5fe63c92e1978fc9f2c9fe240df7df7c27b9
binary_search,16,8,baseline,10739882,108777896,b04bd078765ce9d70851982ca31f5fe63c92e1978fc9f2c9fe240df7df7c27b9
binary_search,16,8,candidate,10338021,106318080,b04bd078765ce9d70851982ca31f5fe63c92e1978fc9f2c9fe240df7df7c27b9
binary_search,16,8,python,13018,27329981,b04bd078765ce9d70851982ca31f5fe63c92e1978fc9f2c9fe240df7df7c27b9
binary_search,32,0,baseline,20639537,116743002,0b441261f25d71bff9503bd33abcd4e299625bfb8476473d64cd1e8e20c019bc
binary_search,32,0,candidate,19402543,114937357,0b441261f25d71bff9503bd33abcd4e299625bfb8476473d64cd1e8e20c019bc
binary_search,32,0,python,24155,27444115,0b441261f25d71bff9503bd33abcd4e299625bfb8476473d64cd1e8e20c019bc
binary_search,32,1,python,25149,25988884,0b441261f25d71bff9503bd33abcd4e299625bfb8476473d64cd1e8e20c019bc
binary_search,32,1,candidate,20804647,116402233,0b441261f25d71bff9503bd33abcd4e299625bfb8476473d64cd1e8e20c019bc
binary_search,32,1,baseline,20535139,116965488,0b441261f25d71bff9503bd33abcd4e299625bfb8476473d64cd1e8e20c019bc
binary_search,32,2,baseline,20393286,117352525,0b441261f25d71bff9503bd33abcd4e299625bfb8476473d64cd1e8e20c019bc
binary_search,32,2,candidate,19451754,114690097,0b441261f25d71bff9503bd33abcd4e299625bfb8476473d64cd1e8e20c019bc
binary_search,32,2,python,26383,27451246,0b441261f25d71bff9503bd33abcd4e299625bfb8476473d64cd1e8e20c019bc
binary_search,32,3,python,25540,27255655,0b441261f25d71bff9503bd33abcd4e299625bfb8476473d64cd1e8e20c019bc
binary_search,32,3,candidate,19686328,116402022,0b441261f25d71bff9503bd33abcd4e299625bfb8476473d64cd1e8e20c019bc
binary_search,32,3,baseline,21484363,116843804,0b441261f25d71bff9503bd33abcd4e299625bfb8476473d64cd1e8e20c019bc
binary_search,32,4,baseline,20700658,116831436,0b441261f25d71bff9503bd33abcd4e299625bfb8476473d64cd1e8e20c019bc
binary_search,32,4,candidate,19551900,114979176,0b441261f25d71bff9503bd33abcd4e299625bfb8476473d64cd1e8e20c019bc
binary_search,32,4,python,25296,28118422,0b441261f25d71bff9503bd33abcd4e299625bfb8476473d64cd1e8e20c019bc
binary_search,32,5,python,25013,26151793,0b441261f25d71bff9503bd33abcd4e299625bfb8476473d64cd1e8e20c019bc
binary_search,32,5,candidate,19505805,114880596,0b441261f25d71bff9503bd33abcd4e299625bfb8476473d64cd1e8e20c019bc
binary_search,32,5,baseline,21901298,117857661,0b441261f25d71bff9503bd33abcd4e299625bfb8476473d64cd1e8e20c019bc
binary_search,32,6,baseline,20773565,116792047,0b441261f25d71bff9503bd33abcd4e299625bfb8476473d64cd1e8e20c019bc
binary_search,32,6,candidate,20001675,116608661,0b441261f25d71bff9503bd33abcd4e299625bfb8476473d64cd1e8e20c019bc
binary_search,32,6,python,25555,28257621,0b441261f25d71bff9503bd33abcd4e299625bfb8476473d64cd1e8e20c019bc
binary_search,32,7,python,24205,27063239,0b441261f25d71bff9503bd33abcd4e299625bfb8476473d64cd1e8e20c019bc
binary_search,32,7,candidate,19630397,114987565,0b441261f25d71bff9503bd33abcd4e299625bfb8476473d64cd1e8e20c019bc
binary_search,32,7,baseline,20775370,116743048,0b441261f25d71bff9503bd33abcd4e299625bfb8476473d64cd1e8e20c019bc
binary_search,32,8,baseline,20708502,116333001,0b441261f25d71bff9503bd33abcd4e299625bfb8476473d64cd1e8e20c019bc
binary_search,32,8,candidate,19283166,114675054,0b441261f25d71bff9503bd33abcd4e299625bfb8476473d64cd1e8e20c019bc
binary_search,32,8,python,25935,27721921,0b441261f25d71bff9503bd33abcd4e299625bfb8476473d64cd1e8e20c019bc
binary_search,64,0,baseline,42835729,138584320,43aff60f897cdfa8cfbdfc89f3db6f90afd13037e9bd798f0c6ec8d7abc66636
binary_search,64,0,candidate,40136816,135890805,43aff60f897cdfa8cfbdfc89f3db6f90afd13037e9bd798f0c6ec8d7abc66636
binary_search,64,0,python,46682,27698398,43aff60f897cdfa8cfbdfc89f3db6f90afd13037e9bd798f0c6ec8d7abc66636
binary_search,64,1,python,47605,26638298,43aff60f897cdfa8cfbdfc89f3db6f90afd13037e9bd798f0c6ec8d7abc66636
binary_search,64,1,candidate,40158984,137840813,43aff60f897cdfa8cfbdfc89f3db6f90afd13037e9bd798f0c6ec8d7abc66636
binary_search,64,1,baseline,43251613,140706148,43aff60f897cdfa8cfbdfc89f3db6f90afd13037e9bd798f0c6ec8d7abc66636
binary_search,64,2,baseline,43241241,140645238,43aff60f897cdfa8cfbdfc89f3db6f90afd13037e9bd798f0c6ec8d7abc66636
binary_search,64,2,candidate,39781809,137353321,43aff60f897cdfa8cfbdfc89f3db6f90afd13037e9bd798f0c6ec8d7abc66636
binary_search,64,2,python,51085,27409676,43aff60f897cdfa8cfbdfc89f3db6f90afd13037e9bd798f0c6ec8d7abc66636
binary_search,64,3,python,47527,26197482,43aff60f897cdfa8cfbdfc89f3db6f90afd13037e9bd798f0c6ec8d7abc66636
binary_search,64,3,candidate,39650617,134656162,43aff60f897cdfa8cfbdfc89f3db6f90afd13037e9bd798f0c6ec8d7abc66636
binary_search,64,3,baseline,42282252,137116143,43aff60f897cdfa8cfbdfc89f3db6f90afd13037e9bd798f0c6ec8d7abc66636
binary_search,64,4,baseline,42367089,137316547,43aff60f897cdfa8cfbdfc89f3db6f90afd13037e9bd798f0c6ec8d7abc66636
binary_search,64,4,candidate,39759213,134963652,43aff60f897cdfa8cfbdfc89f3db6f90afd13037e9bd798f0c6ec8d7abc66636
binary_search,64,4,python,49042,26993553,43aff60f897cdfa8cfbdfc89f3db6f90afd13037e9bd798f0c6ec8d7abc66636
binary_search,64,5,python,47491,26092831,43aff60f897cdfa8cfbdfc89f3db6f90afd13037e9bd798f0c6ec8d7abc66636
binary_search,64,5,candidate,40021326,134833000,43aff60f897cdfa8cfbdfc89f3db6f90afd13037e9bd798f0c6ec8d7abc66636
binary_search,64,5,baseline,42823490,138618827,43aff60f897cdfa8cfbdfc89f3db6f90afd13037e9bd798f0c6ec8d7abc66636
binary_search,64,6,baseline,42610999,137970613,43aff60f897cdfa8cfbdfc89f3db6f90afd13037e9bd798f0c6ec8d7abc66636
binary_search,64,6,candidate,39937404,135185882,43aff60f897cdfa8cfbdfc89f3db6f90afd13037e9bd798f0c6ec8d7abc66636
binary_search,64,6,python,46288,27506718,43aff60f897cdfa8cfbdfc89f3db6f90afd13037e9bd798f0c6ec8d7abc66636
binary_search,64,7,python,46464,26099924,43aff60f897cdfa8cfbdfc89f3db6f90afd13037e9bd798f0c6ec8d7abc66636
binary_search,64,7,candidate,40081447,135046614,43aff60f897cdfa8cfbdfc89f3db6f90afd13037e9bd798f0c6ec8d7abc66636
binary_search,64,7,baseline,42500066,138957559,43aff60f897cdfa8cfbdfc89f3db6f90afd13037e9bd798f0c6ec8d7abc66636
binary_search,64,8,baseline,42733665,137784940,43aff60f897cdfa8cfbdfc89f3db6f90afd13037e9bd798f0c6ec8d7abc66636
binary_search,64,8,candidate,40208958,137608878,43aff60f897cdfa8cfbdfc89f3db6f90afd13037e9bd798f0c6ec8d7abc66636
binary_search,64,8,python,45532,28270862,43aff60f897cdfa8cfbdfc89f3db6f90afd13037e9bd798f0c6ec8d7abc66636
binary_trees,4,0,baseline,4284124,101278157,0413d5904246a13731d2f4e61d8da90328fd41ac76e1544d710cd2babdf77b5b
binary_trees,4,0,candidate,3661827,101436719,0413d5904246a13731d2f4e61d8da90328fd41ac76e1544d710cd2babdf77b5b
binary_trees,4,0,python,12099,27842063,0413d5904246a13731d2f4e61d8da90328fd41ac76e1544d710cd2babdf77b5b
binary_trees,4,1,python,12402,27060416,0413d5904246a13731d2f4e61d8da90328fd41ac76e1544d710cd2babdf77b5b
binary_trees,4,1,candidate,3589996,100912365,0413d5904246a13731d2f4e61d8da90328fd41ac76e1544d710cd2babdf77b5b
binary_trees,4,1,baseline,4322839,100355423,0413d5904246a13731d2f4e61d8da90328fd41ac76e1544d710cd2babdf77b5b
binary_trees,4,2,baseline,4338756,100421915,0413d5904246a13731d2f4e61d8da90328fd41ac76e1544d710cd2babdf77b5b
binary_trees,4,2,candidate,3799230,100355785,0413d5904246a13731d2f4e61d8da90328fd41ac76e1544d710cd2babdf77b5b
binary_trees,4,2,python,12006,27735015,0413d5904246a13731d2f4e61d8da90328fd41ac76e1544d710cd2babdf77b5b
binary_trees,4,3,python,18356,26666138,0413d5904246a13731d2f4e61d8da90328fd41ac76e1544d710cd2babdf77b5b
binary_trees,4,3,candidate,3686743,98413728,0413d5904246a13731d2f4e61d8da90328fd41ac76e1544d710cd2babdf77b5b
binary_trees,4,3,baseline,4286459,100137527,0413d5904246a13731d2f4e61d8da90328fd41ac76e1544d710cd2babdf77b5b
binary_trees,4,4,baseline,4343596,99341164,0413d5904246a13731d2f4e61d8da90328fd41ac76e1544d710cd2babdf77b5b
binary_trees,4,4,candidate,3681269,99948478,0413d5904246a13731d2f4e61d8da90328fd41ac76e1544d710cd2babdf77b5b
binary_trees,4,4,python,12463,27026642,0413d5904246a13731d2f4e61d8da90328fd41ac76e1544d710cd2babdf77b5b
binary_trees,4,5,python,11730,26283901,0413d5904246a13731d2f4e61d8da90328fd41ac76e1544d710cd2babdf77b5b
binary_trees,4,5,candidate,3633408,101018735,0413d5904246a13731d2f4e61d8da90328fd41ac76e1544d710cd2babdf77b5b
binary_trees,4,5,baseline,4288252,99866634,0413d5904246a13731d2f4e61d8da90328fd41ac76e1544d710cd2babdf77b5b
binary_trees,4,6,baseline,4712274,102354455,0413d5904246a13731d2f4e61d8da90328fd41ac76e1544d710cd2babdf77b5b
binary_trees,4,6,candidate,3607766,100372997,0413d5904246a13731d2f4e61d8da90328fd41ac76e1544d710cd2babdf77b5b
binary_trees,4,6,python,12049,27567134,0413d5904246a13731d2f4e61d8da90328fd41ac76e1544d710cd2babdf77b5b
binary_trees,4,7,python,11415,26698640,0413d5904246a13731d2f4e61d8da90328fd41ac76e1544d710cd2babdf77b5b
binary_trees,4,7,candidate,4141478,99769858,0413d5904246a13731d2f4e61d8da90328fd41ac76e1544d710cd2babdf77b5b
binary_trees,4,7,baseline,4889059,103582454,0413d5904246a13731d2f4e61d8da90328fd41ac76e1544d710cd2babdf77b5b
binary_trees,4,8,baseline,4276069,103045850,0413d5904246a13731d2f4e61d8da90328fd41ac76e1544d710cd2babdf77b5b
binary_trees,4,8,candidate,3637185,102302620,0413d5904246a13731d2f4e61d8da90328fd41ac76e1544d710cd2babdf77b5b
binary_trees,4,8,python,12100,29503375,0413d5904246a13731d2f4e61d8da90328fd41ac76e1544d710cd2babdf77b5b
binary_trees,5,0,baseline,7588903,105257230,32d6d3ce8971ddfdb082cfd5aed7adde61e69b303c46db1c4e95624cf1176f39
binary_trees,5,0,candidate,5655840,104498453,32d6d3ce8971ddfdb082cfd5aed7adde61e69b303c46db1c4e95624cf1176f39
binary_trees,5,0,python,19811,28377549,32d6d3ce8971ddfdb082cfd5aed7adde61e69b303c46db1c4e95624cf1176f39
binary_trees,5,1,python,20263,27095922,32d6d3ce8971ddfdb082cfd5aed7adde61e69b303c46db1c4e95624cf1176f39
binary_trees,5,1,candidate,6295732,103809158,32d6d3ce8971ddfdb082cfd5aed7adde61e69b303c46db1c4e95624cf1176f39
binary_trees,5,1,baseline,7021893,104121799,32d6d3ce8971ddfdb082cfd5aed7adde61e69b303c46db1c4e95624cf1176f39
binary_trees,5,2,baseline,7024639,103905066,32d6d3ce8971ddfdb082cfd5aed7adde61e69b303c46db1c4e95624cf1176f39
binary_trees,5,2,candidate,6388935,103912850,32d6d3ce8971ddfdb082cfd5aed7adde61e69b303c46db1c4e95624cf1176f39
binary_trees,5,2,python,20534,27484203,32d6d3ce8971ddfdb082cfd5aed7adde61e69b303c46db1c4e95624cf1176f39
binary_trees,5,3,python,20207,26760165,32d6d3ce8971ddfdb082cfd5aed7adde61e69b303c46db1c4e95624cf1176f39
binary_trees,5,3,candidate,6242545,105086290,32d6d3ce8971ddfdb082cfd5aed7adde61e69b303c46db1c4e95624cf1176f39
binary_trees,5,3,baseline,7059219,105306539,32d6d3ce8971ddfdb082cfd5aed7adde61e69b303c46db1c4e95624cf1176f39
binary_trees,5,4,baseline,7065247,103561156,32d6d3ce8971ddfdb082cfd5aed7adde61e69b303c46db1c4e95624cf1176f39
binary_trees,5,4,candidate,5841496,103682171,32d6d3ce8971ddfdb082cfd5aed7adde61e69b303c46db1c4e95624cf1176f39
binary_trees,5,4,python,19648,28979807,32d6d3ce8971ddfdb082cfd5aed7adde61e69b303c46db1c4e95624cf1176f39
binary_trees,5,5,python,19439,27114446,32d6d3ce8971ddfdb082cfd5aed7adde61e69b303c46db1c4e95624cf1176f39
binary_trees,5,5,candidate,6172949,103735138,32d6d3ce8971ddfdb082cfd5aed7adde61e69b303c46db1c4e95624cf1176f39
binary_trees,5,5,baseline,7063886,105110307,32d6d3ce8971ddfdb082cfd5aed7adde61e69b303c46db1c4e95624cf1176f39
binary_trees,5,6,baseline,7009413,102479384,32d6d3ce8971ddfdb082cfd5aed7adde61e69b303c46db1c4e95624cf1176f39
binary_trees,5,6,candidate,5793547,103523986,32d6d3ce8971ddfdb082cfd5aed7adde61e69b303c46db1c4e95624cf1176f39
binary_trees,5,6,python,22925,28183747,32d6d3ce8971ddfdb082cfd5aed7adde61e69b303c46db1c4e95624cf1176f39
binary_trees,5,7,python,20004,27369435,32d6d3ce8971ddfdb082cfd5aed7adde61e69b303c46db1c4e95624cf1176f39
binary_trees,5,7,candidate,5707313,104583106,32d6d3ce8971ddfdb082cfd5aed7adde61e69b303c46db1c4e95624cf1176f39
binary_trees,5,7,baseline,7026616,105714667,32d6d3ce8971ddfdb082cfd5aed7adde61e69b303c46db1c4e95624cf1176f39
binary_trees,5,8,baseline,7107288,103416281,32d6d3ce8971ddfdb082cfd5aed7adde61e69b303c46db1c4e95624cf1176f39
binary_trees,5,8,candidate,5745148,102484618,32d6d3ce8971ddfdb082cfd5aed7adde61e69b303c46db1c4e95624cf1176f39
binary_trees,5,8,python,21740,28651150,32d6d3ce8971ddfdb082cfd5aed7adde61e69b303c46db1c4e95624cf1176f39
binary_trees,6,0,baseline,12435929,109345027,5d8b3e9bc3326bd9a34048e69bd30c29a86c86823a0b62f29eb67da1c04b0162
binary_trees,6,0,candidate,9662148,108338062,5d8b3e9bc3326bd9a34048e69bd30c29a86c86823a0b62f29eb67da1c04b0162
binary_trees,6,0,python,40777,27584732,5d8b3e9bc3326bd9a34048e69bd30c29a86c86823a0b62f29eb67da1c04b0162
binary_trees,6,1,python,36768,26736442,5d8b3e9bc3326bd9a34048e69bd30c29a86c86823a0b62f29eb67da1c04b0162
binary_trees,6,1,candidate,9663360,107523842,5d8b3e9bc3326bd9a34048e69bd30c29a86c86823a0b62f29eb67da1c04b0162
binary_trees,6,1,baseline,12600280,109568001,5d8b3e9bc3326bd9a34048e69bd30c29a86c86823a0b62f29eb67da1c04b0162
binary_trees,6,2,baseline,12500266,109610643,5d8b3e9bc3326bd9a34048e69bd30c29a86c86823a0b62f29eb67da1c04b0162
binary_trees,6,2,candidate,9662747,106162721,5d8b3e9bc3326bd9a34048e69bd30c29a86c86823a0b62f29eb67da1c04b0162
binary_trees,6,2,python,37189,27332475,5d8b3e9bc3326bd9a34048e69bd30c29a86c86823a0b62f29eb67da1c04b0162
binary_trees,6,3,python,36579,26936941,5d8b3e9bc3326bd9a34048e69bd30c29a86c86823a0b62f29eb67da1c04b0162
binary_trees,6,3,candidate,9686720,105896730,5d8b3e9bc3326bd9a34048e69bd30c29a86c86823a0b62f29eb67da1c04b0162
binary_trees,6,3,baseline,13074015,111264695,5d8b3e9bc3326bd9a34048e69bd30c29a86c86823a0b62f29eb67da1c04b0162
binary_trees,6,4,baseline,12486350,111750512,5d8b3e9bc3326bd9a34048e69bd30c29a86c86823a0b62f29eb67da1c04b0162
binary_trees,6,4,candidate,9649352,109462105,5d8b3e9bc3326bd9a34048e69bd30c29a86c86823a0b62f29eb67da1c04b0162
binary_trees,6,4,python,38434,27403897,5d8b3e9bc3326bd9a34048e69bd30c29a86c86823a0b62f29eb67da1c04b0162
binary_trees,6,5,python,36750,27418381,5d8b3e9bc3326bd9a34048e69bd30c29a86c86823a0b62f29eb67da1c04b0162
binary_trees,6,5,candidate,9626239,109551107,5d8b3e9bc3326bd9a34048e69bd30c29a86c86823a0b62f29eb67da1c04b0162
binary_trees,6,5,baseline,12514034,111388931,5d8b3e9bc3326bd9a34048e69bd30c29a86c86823a0b62f29eb67da1c04b0162
binary_trees,6,6,baseline,12379559,112149792,5d8b3e9bc3326bd9a34048e69bd30c29a86c86823a0b62f29eb67da1c04b0162
binary_trees,6,6,candidate,10113450,109754132,5d8b3e9bc3326bd9a34048e69bd30c29a86c86823a0b62f29eb67da1c04b0162
binary_trees,6,6,python,36878,29008015,5d8b3e9bc3326bd9a34048e69bd30c29a86c86823a0b62f29eb67da1c04b0162
binary_trees,6,7,python,36139,26917390,5d8b3e9bc3326bd9a34048e69bd30c29a86c86823a0b62f29eb67da1c04b0162
binary_trees,6,7,candidate,10267808,107875406,5d8b3e9bc3326bd9a34048e69bd30c29a86c86823a0b62f29eb67da1c04b0162
binary_trees,6,7,baseline,12541397,111447181,5d8b3e9bc3326bd9a34048e69bd30c29a86c86823a0b62f29eb67da1c04b0162
binary_trees,6,8,baseline,12425180,109628800,5d8b3e9bc3326bd9a34048e69bd30c29a86c86823a0b62f29eb67da1c04b0162
binary_trees,6,8,candidate,10371083,111710305,5d8b3e9bc3326bd9a34048e69bd30c29a86c86823a0b62f29eb67da1c04b0162
binary_trees,6,8,python,36276,28753991,5d8b3e9bc3326bd9a34048e69bd30c29a86c86823a0b62f29eb67da1c04b0162
hash_table,50,0,baseline,3094626,100442847,534f26346b78aed17647b77c689c4ed4b53881de4346829f9690eaa89c2c0c9f
hash_table,50,0,candidate,2471181,98697970,534f26346b78aed17647b77c689c4ed4b53881de4346829f9690eaa89c2c0c9f
hash_table,50,0,python,30036,27594572,534f26346b78aed17647b77c689c4ed4b53881de4346829f9690eaa89c2c0c9f
hash_table,50,1,python,28325,26948426,534f26346b78aed17647b77c689c4ed4b53881de4346829f9690eaa89c2c0c9f
hash_table,50,1,candidate,2467250,99247495,534f26346b78aed17647b77c689c4ed4b53881de4346829f9690eaa89c2c0c9f
hash_table,50,1,baseline,3544943,100981154,534f26346b78aed17647b77c689c4ed4b53881de4346829f9690eaa89c2c0c9f
hash_table,50,2,baseline,3082549,101510942,534f26346b78aed17647b77c689c4ed4b53881de4346829f9690eaa89c2c0c9f
hash_table,50,2,candidate,2456850,100069938,534f26346b78aed17647b77c689c4ed4b53881de4346829f9690eaa89c2c0c9f
hash_table,50,2,python,55358,29185526,534f26346b78aed17647b77c689c4ed4b53881de4346829f9690eaa89c2c0c9f
hash_table,50,3,python,23922,26659134,534f26346b78aed17647b77c689c4ed4b53881de4346829f9690eaa89c2c0c9f
hash_table,50,3,candidate,2447792,96965149,534f26346b78aed17647b77c689c4ed4b53881de4346829f9690eaa89c2c0c9f
hash_table,50,3,baseline,3081398,99262799,534f26346b78aed17647b77c689c4ed4b53881de4346829f9690eaa89c2c0c9f
hash_table,50,4,baseline,3082266,99774045,534f26346b78aed17647b77c689c4ed4b53881de4346829f9690eaa89c2c0c9f
hash_table,50,4,candidate,2454926,96584792,534f26346b78aed17647b77c689c4ed4b53881de4346829f9690eaa89c2c0c9f
hash_table,50,4,python,26616,27657046,534f26346b78aed17647b77c689c4ed4b53881de4346829f9690eaa89c2c0c9f
hash_table,50,5,python,24515,26341083,534f26346b78aed17647b77c689c4ed4b53881de4346829f9690eaa89c2c0c9f
hash_table,50,5,candidate,2420494,97139950,534f26346b78aed17647b77c689c4ed4b53881de4346829f9690eaa89c2c0c9f
hash_table,50,5,baseline,3088567,97850977,534f26346b78aed17647b77c689c4ed4b53881de4346829f9690eaa89c2c0c9f
hash_table,50,6,baseline,3509090,100026169,534f26346b78aed17647b77c689c4ed4b53881de4346829f9690eaa89c2c0c9f
hash_table,50,6,candidate,2784059,98679577,534f26346b78aed17647b77c689c4ed4b53881de4346829f9690eaa89c2c0c9f
hash_table,50,6,python,25825,27465266,534f26346b78aed17647b77c689c4ed4b53881de4346829f9690eaa89c2c0c9f
hash_table,50,7,python,23908,26575272,534f26346b78aed17647b77c689c4ed4b53881de4346829f9690eaa89c2c0c9f
hash_table,50,7,candidate,2479239,97315514,534f26346b78aed17647b77c689c4ed4b53881de4346829f9690eaa89c2c0c9f
hash_table,50,7,baseline,3061797,98232648,534f26346b78aed17647b77c689c4ed4b53881de4346829f9690eaa89c2c0c9f
hash_table,50,8,baseline,3046562,97345171,534f26346b78aed17647b77c689c4ed4b53881de4346829f9690eaa89c2c0c9f
hash_table,50,8,candidate,2420086,95846150,534f26346b78aed17647b77c689c4ed4b53881de4346829f9690eaa89c2c0c9f
hash_table,50,8,python,24699,28126134,534f26346b78aed17647b77c689c4ed4b53881de4346829f9690eaa89c2c0c9f
hash_table,100,0,baseline,5437910,102002851,b67894bb468f16ded86bee6fade4fcbcaf50aaf94c9849bfe8541008ed99fcf2
hash_table,100,0,candidate,4787736,102074044,b67894bb468f16ded86bee6fade4fcbcaf50aaf94c9849bfe8541008ed99fcf2
hash_table,100,0,python,43846,27925838,b67894bb468f16ded86bee6fade4fcbcaf50aaf94c9849bfe8541008ed99fcf2
hash_table,100,1,python,44887,27147415,b67894bb468f16ded86bee6fade4fcbcaf50aaf94c9849bfe8541008ed99fcf2
hash_table,100,1,candidate,4150930,99396830,b67894bb468f16ded86bee6fade4fcbcaf50aaf94c9849bfe8541008ed99fcf2
hash_table,100,1,baseline,5341857,100578029,b67894bb468f16ded86bee6fade4fcbcaf50aaf94c9849bfe8541008ed99fcf2
hash_table,100,2,baseline,5397593,100446997,b67894bb468f16ded86bee6fade4fcbcaf50aaf94c9849bfe8541008ed99fcf2
hash_table,100,2,candidate,4118968,103039050,b67894bb468f16ded86bee6fade4fcbcaf50aaf94c9849bfe8541008ed99fcf2
hash_table,100,2,python,44803,27610400,b67894bb468f16ded86bee6fade4fcbcaf50aaf94c9849bfe8541008ed99fcf2
hash_table,100,3,python,45514,26842451,b67894bb468f16ded86bee6fade4fcbcaf50aaf94c9849bfe8541008ed99fcf2
hash_table,100,3,candidate,4381590,102615667,b67894bb468f16ded86bee6fade4fcbcaf50aaf94c9849bfe8541008ed99fcf2
hash_table,100,3,baseline,5338554,100971675,b67894bb468f16ded86bee6fade4fcbcaf50aaf94c9849bfe8541008ed99fcf2
hash_table,100,4,baseline,5926435,103313759,b67894bb468f16ded86bee6fade4fcbcaf50aaf94c9849bfe8541008ed99fcf2
hash_table,100,4,candidate,4173198,98938542,b67894bb468f16ded86bee6fade4fcbcaf50aaf94c9849bfe8541008ed99fcf2
hash_table,100,4,python,50657,28844329,b67894bb468f16ded86bee6fade4fcbcaf50aaf94c9849bfe8541008ed99fcf2
hash_table,100,5,python,44542,27032208,b67894bb468f16ded86bee6fade4fcbcaf50aaf94c9849bfe8541008ed99fcf2
hash_table,100,5,candidate,5630869,100793643,b67894bb468f16ded86bee6fade4fcbcaf50aaf94c9849bfe8541008ed99fcf2
hash_table,100,5,baseline,5368899,100971112,b67894bb468f16ded86bee6fade4fcbcaf50aaf94c9849bfe8541008ed99fcf2
hash_table,100,6,baseline,5359155,101051933,b67894bb468f16ded86bee6fade4fcbcaf50aaf94c9849bfe8541008ed99fcf2
hash_table,100,6,candidate,4163491,101130853,b67894bb468f16ded86bee6fade4fcbcaf50aaf94c9849bfe8541008ed99fcf2
hash_table,100,6,python,45376,28229734,b67894bb468f16ded86bee6fade4fcbcaf50aaf94c9849bfe8541008ed99fcf2
hash_table,100,7,python,44882,26543783,b67894bb468f16ded86bee6fade4fcbcaf50aaf94c9849bfe8541008ed99fcf2
hash_table,100,7,candidate,4149814,100231310,b67894bb468f16ded86bee6fade4fcbcaf50aaf94c9849bfe8541008ed99fcf2
hash_table,100,7,baseline,5323132,103792599,b67894bb468f16ded86bee6fade4fcbcaf50aaf94c9849bfe8541008ed99fcf2
hash_table,100,8,baseline,5399661,100254792,b67894bb468f16ded86bee6fade4fcbcaf50aaf94c9849bfe8541008ed99fcf2
hash_table,100,8,candidate,4175124,99452496,b67894bb468f16ded86bee6fade4fcbcaf50aaf94c9849bfe8541008ed99fcf2
hash_table,100,8,python,49147,27752753,b67894bb468f16ded86bee6fade4fcbcaf50aaf94c9849bfe8541008ed99fcf2
hash_table,200,0,baseline,10730320,106794996,1824beb8467dae5ea4347a7ff5833ed2278394a395b0bcc815eb6ceec959eafa
hash_table,200,0,candidate,8357374,104572424,1824beb8467dae5ea4347a7ff5833ed2278394a395b0bcc815eb6ceec959eafa
hash_table,200,0,python,88178,27570231,1824beb8467dae5ea4347a7ff5833ed2278394a395b0bcc815eb6ceec959eafa
hash_table,200,1,python,87365,27238836,1824beb8467dae5ea4347a7ff5833ed2278394a395b0bcc815eb6ceec959eafa
hash_table,200,1,candidate,7688513,102853828,1824beb8467dae5ea4347a7ff5833ed2278394a395b0bcc815eb6ceec959eafa
hash_table,200,1,baseline,10842215,109922660,1824beb8467dae5ea4347a7ff5833ed2278394a395b0bcc815eb6ceec959eafa
hash_table,200,2,baseline,10474930,108098130,1824beb8467dae5ea4347a7ff5833ed2278394a395b0bcc815eb6ceec959eafa
hash_table,200,2,candidate,7769009,105578348,1824beb8467dae5ea4347a7ff5833ed2278394a395b0bcc815eb6ceec959eafa
hash_table,200,2,python,92267,28718415,1824beb8467dae5ea4347a7ff5833ed2278394a395b0bcc815eb6ceec959eafa
hash_table,200,3,python,109675,26912672,1824beb8467dae5ea4347a7ff5833ed2278394a395b0bcc815eb6ceec959eafa
hash_table,200,3,candidate,7743539,104076201,1824beb8467dae5ea4347a7ff5833ed2278394a395b0bcc815eb6ceec959eafa
hash_table,200,3,baseline,10180142,106197590,1824beb8467dae5ea4347a7ff5833ed2278394a395b0bcc815eb6ceec959eafa
hash_table,200,4,baseline,10164808,106028530,1824beb8467dae5ea4347a7ff5833ed2278394a395b0bcc815eb6ceec959eafa
hash_table,200,4,candidate,7720532,102470198,1824beb8467dae5ea4347a7ff5833ed2278394a395b0bcc815eb6ceec959eafa
hash_table,200,4,python,84155,27624529,1824beb8467dae5ea4347a7ff5833ed2278394a395b0bcc815eb6ceec959eafa
hash_table,200,5,python,86602,26659568,1824beb8467dae5ea4347a7ff5833ed2278394a395b0bcc815eb6ceec959eafa
hash_table,200,5,candidate,7642651,102595816,1824beb8467dae5ea4347a7ff5833ed2278394a395b0bcc815eb6ceec959eafa
hash_table,200,5,baseline,10119578,104951931,1824beb8467dae5ea4347a7ff5833ed2278394a395b0bcc815eb6ceec959eafa
hash_table,200,6,baseline,10288658,105878879,1824beb8467dae5ea4347a7ff5833ed2278394a395b0bcc815eb6ceec959eafa
hash_table,200,6,candidate,7748810,103648362,1824beb8467dae5ea4347a7ff5833ed2278394a395b0bcc815eb6ceec959eafa
hash_table,200,6,python,89417,28003503,1824beb8467dae5ea4347a7ff5833ed2278394a395b0bcc815eb6ceec959eafa
hash_table,200,7,python,118595,26250329,1824beb8467dae5ea4347a7ff5833ed2278394a395b0bcc815eb6ceec959eafa
hash_table,200,7,candidate,7668029,103253135,1824beb8467dae5ea4347a7ff5833ed2278394a395b0bcc815eb6ceec959eafa
hash_table,200,7,baseline,11475070,107601529,1824beb8467dae5ea4347a7ff5833ed2278394a395b0bcc815eb6ceec959eafa
hash_table,200,8,baseline,10122076,106746234,1824beb8467dae5ea4347a7ff5833ed2278394a395b0bcc815eb6ceec959eafa
hash_table,200,8,candidate,8319654,104633542,1824beb8467dae5ea4347a7ff5833ed2278394a395b0bcc815eb6ceec959eafa
hash_table,200,8,python,94701,27827513,1824beb8467dae5ea4347a7ff5833ed2278394a395b0bcc815eb6ceec959eafa
matmul,4,0,baseline,2137304,100380429,86be758fcccecfe5bee7b91689e53553762e135857011298401fe364b85fad86
matmul,4,0,candidate,1677282,98191156,86be758fcccecfe5bee7b91689e53553762e135857011298401fe364b85fad86
matmul,4,0,python,16568,27329791,86be758fcccecfe5bee7b91689e53553762e135857011298401fe364b85fad86
matmul,4,1,python,14618,27354665,86be758fcccecfe5bee7b91689e53553762e135857011298401fe364b85fad86
matmul,4,1,candidate,1685217,98937454,86be758fcccecfe5bee7b91689e53553762e135857011298401fe364b85fad86
matmul,4,1,baseline,2116652,99564446,86be758fcccecfe5bee7b91689e53553762e135857011298401fe364b85fad86
matmul,4,2,baseline,2085469,101471759,86be758fcccecfe5bee7b91689e53553762e135857011298401fe364b85fad86
matmul,4,2,candidate,1692584,99397118,86be758fcccecfe5bee7b91689e53553762e135857011298401fe364b85fad86
matmul,4,2,python,16223,27989874,86be758fcccecfe5bee7b91689e53553762e135857011298401fe364b85fad86
matmul,4,3,python,14829,27194521,86be758fcccecfe5bee7b91689e53553762e135857011298401fe364b85fad86
matmul,4,3,candidate,1671409,100016960,86be758fcccecfe5bee7b91689e53553762e135857011298401fe364b85fad86
matmul,4,3,baseline,2127695,104154965,86be758fcccecfe5bee7b91689e53553762e135857011298401fe364b85fad86
matmul,4,4,baseline,2107294,101472739,86be758fcccecfe5bee7b91689e53553762e135857011298401fe364b85fad86
matmul,4,4,candidate,1704485,104208463,86be758fcccecfe5bee7b91689e53553762e135857011298401fe364b85fad86
matmul,4,4,python,17860,28563230,86be758fcccecfe5bee7b91689e53553762e135857011298401fe364b85fad86
matmul,4,5,python,17103,26482991,86be758fcccecfe5bee7b91689e53553762e135857011298401fe364b85fad86
matmul,4,5,candidate,1714479,100896474,86be758fcccecfe5bee7b91689e53553762e135857011298401fe364b85fad86
matmul,4,5,baseline,2160703,104793176,86be758fcccecfe5bee7b91689e53553762e135857011298401fe364b85fad86
matmul,4,6,baseline,2327163,101768699,86be758fcccecfe5bee7b91689e53553762e135857011298401fe364b85fad86
matmul,4,6,candidate,1672225,103220263,86be758fcccecfe5bee7b91689e53553762e135857011298401fe364b85fad86
matmul,4,6,python,15583,28845483,86be758fcccecfe5bee7b91689e53553762e135857011298401fe364b85fad86
matmul,4,7,python,15491,28037987,86be758fcccecfe5bee7b91689e53553762e135857011298401fe364b85fad86
matmul,4,7,candidate,1721728,100600346,86be758fcccecfe5bee7b91689e53553762e135857011298401fe364b85fad86
matmul,4,7,baseline,2114521,100369571,86be758fcccecfe5bee7b91689e53553762e135857011298401fe364b85fad86
matmul,4,8,baseline,2123386,100302262,86be758fcccecfe5bee7b91689e53553762e135857011298401fe364b85fad86
matmul,4,8,candidate,1683606,98762093,86be758fcccecfe5bee7b91689e53553762e135857011298401fe364b85fad86
matmul,4,8,python,17274,27437306,86be758fcccecfe5bee7b91689e53553762e135857011298401fe364b85fad86
matmul,6,0,baseline,5223512,101931202,de024dfc74222181d25753e6e430f8c7df57c24436ee0b2881b7fc076a14435e
matmul,6,0,candidate,3915117,99794106,de024dfc74222181d25753e6e430f8c7df57c24436ee0b2881b7fc076a14435e
matmul,6,0,python,42712,27650985,de024dfc74222181d25753e6e430f8c7df57c24436ee0b2881b7fc076a14435e
matmul,6,1,python,40799,26673068,de024dfc74222181d25753e6e430f8c7df57c24436ee0b2881b7fc076a14435e
matmul,6,1,candidate,4147716,101410519,de024dfc74222181d25753e6e430f8c7df57c24436ee0b2881b7fc076a14435e
matmul,6,1,baseline,5199066,101595835,de024dfc74222181d25753e6e430f8c7df57c24436ee0b2881b7fc076a14435e
matmul,6,2,baseline,5249338,101967928,de024dfc74222181d25753e6e430f8c7df57c24436ee0b2881b7fc076a14435e
matmul,6,2,candidate,3969918,101582558,de024dfc74222181d25753e6e430f8c7df57c24436ee0b2881b7fc076a14435e
matmul,6,2,python,43246,27767135,de024dfc74222181d25753e6e430f8c7df57c24436ee0b2881b7fc076a14435e
matmul,6,3,python,43011,27392273,de024dfc74222181d25753e6e430f8c7df57c24436ee0b2881b7fc076a14435e
matmul,6,3,candidate,4012677,101640698,de024dfc74222181d25753e6e430f8c7df57c24436ee0b2881b7fc076a14435e
matmul,6,3,baseline,5285944,104325573,de024dfc74222181d25753e6e430f8c7df57c24436ee0b2881b7fc076a14435e
matmul,6,4,baseline,5306068,104609661,de024dfc74222181d25753e6e430f8c7df57c24436ee0b2881b7fc076a14435e
matmul,6,4,candidate,4014715,102360935,de024dfc74222181d25753e6e430f8c7df57c24436ee0b2881b7fc076a14435e
matmul,6,4,python,43849,27785295,de024dfc74222181d25753e6e430f8c7df57c24436ee0b2881b7fc076a14435e
matmul,6,5,python,55260,26421522,de024dfc74222181d25753e6e430f8c7df57c24436ee0b2881b7fc076a14435e
matmul,6,5,candidate,3919793,101088454,de024dfc74222181d25753e6e430f8c7df57c24436ee0b2881b7fc076a14435e
matmul,6,5,baseline,5293821,103678242,de024dfc74222181d25753e6e430f8c7df57c24436ee0b2881b7fc076a14435e
matmul,6,6,baseline,5736907,104016770,de024dfc74222181d25753e6e430f8c7df57c24436ee0b2881b7fc076a14435e
matmul,6,6,candidate,3955856,103292536,de024dfc74222181d25753e6e430f8c7df57c24436ee0b2881b7fc076a14435e
matmul,6,6,python,49611,27008081,de024dfc74222181d25753e6e430f8c7df57c24436ee0b2881b7fc076a14435e
matmul,6,7,python,43075,26482268,de024dfc74222181d25753e6e430f8c7df57c24436ee0b2881b7fc076a14435e
matmul,6,7,candidate,4009792,100802776,de024dfc74222181d25753e6e430f8c7df57c24436ee0b2881b7fc076a14435e
matmul,6,7,baseline,5210197,104273691,de024dfc74222181d25753e6e430f8c7df57c24436ee0b2881b7fc076a14435e
matmul,6,8,baseline,5277375,103664112,de024dfc74222181d25753e6e430f8c7df57c24436ee0b2881b7fc076a14435e
matmul,6,8,candidate,3922930,101595661,de024dfc74222181d25753e6e430f8c7df57c24436ee0b2881b7fc076a14435e
matmul,6,8,python,41129,27932234,de024dfc74222181d25753e6e430f8c7df57c24436ee0b2881b7fc076a14435e
matmul,8,0,baseline,10893664,110211806,844f921e886400b752918cb589a968b79c70bcc86adae00d6cf544ac7d0aa17b
matmul,8,0,candidate,8018960,105838933,844f921e886400b752918cb589a968b79c70bcc86adae00d6cf544ac7d0aa17b
matmul,8,0,python,94965,27654447,844f921e886400b752918cb589a968b79c70bcc86adae00d6cf544ac7d0aa17b
matmul,8,1,python,91971,26856167,844f921e886400b752918cb589a968b79c70bcc86adae00d6cf544ac7d0aa17b
matmul,8,1,candidate,8013230,105912903,844f921e886400b752918cb589a968b79c70bcc86adae00d6cf544ac7d0aa17b
matmul,8,1,baseline,10909405,109075185,844f921e886400b752918cb589a968b79c70bcc86adae00d6cf544ac7d0aa17b
matmul,8,2,baseline,10915591,108927298,844f921e886400b752918cb589a968b79c70bcc86adae00d6cf544ac7d0aa17b
matmul,8,2,candidate,8039356,107577307,844f921e886400b752918cb589a968b79c70bcc86adae00d6cf544ac7d0aa17b
matmul,8,2,python,93820,27900172,844f921e886400b752918cb589a968b79c70bcc86adae00d6cf544ac7d0aa17b
matmul,8,3,python,89072,26857923,844f921e886400b752918cb589a968b79c70bcc86adae00d6cf544ac7d0aa17b
matmul,8,3,candidate,8781452,106998105,844f921e886400b752918cb589a968b79c70bcc86adae00d6cf544ac7d0aa17b
matmul,8,3,baseline,11514118,110382266,844f921e886400b752918cb589a968b79c70bcc86adae00d6cf544ac7d0aa17b
matmul,8,4,baseline,11318035,111665275,844f921e886400b752918cb589a968b79c70bcc86adae00d6cf544ac7d0aa17b
matmul,8,4,candidate,8191959,109351113,844f921e886400b752918cb589a968b79c70bcc86adae00d6cf544ac7d0aa17b
matmul,8,4,python,92538,28255419,844f921e886400b752918cb589a968b79c70bcc86adae00d6cf544ac7d0aa17b
matmul,8,5,python,101017,27113449,844f921e886400b752918cb589a968b79c70bcc86adae00d6cf544ac7d0aa17b
matmul,8,5,candidate,8209258,108324640,844f921e886400b752918cb589a968b79c70bcc86adae00d6cf544ac7d0aa17b
matmul,8,5,baseline,11069365,111354070,844f921e886400b752918cb589a968b79c70bcc86adae00d6cf544ac7d0aa17b
matmul,8,6,baseline,10985676,109870582,844f921e886400b752918cb589a968b79c70bcc86adae00d6cf544ac7d0aa17b
matmul,8,6,candidate,7998405,105891224,844f921e886400b752918cb589a968b79c70bcc86adae00d6cf544ac7d0aa17b
matmul,8,6,python,113439,28001435,844f921e886400b752918cb589a968b79c70bcc86adae00d6cf544ac7d0aa17b
matmul,8,7,python,96804,27011563,844f921e886400b752918cb589a968b79c70bcc86adae00d6cf544ac7d0aa17b
matmul,8,7,candidate,8067041,105513689,844f921e886400b752918cb589a968b79c70bcc86adae00d6cf544ac7d0aa17b
matmul,8,7,baseline,10818639,110082318,844f921e886400b752918cb589a968b79c70bcc86adae00d6cf544ac7d0aa17b
matmul,8,8,baseline,10867303,109652902,844f921e886400b752918cb589a968b79c70bcc86adae00d6cf544ac7d0aa17b
matmul,8,8,candidate,8169992,106672240,844f921e886400b752918cb589a968b79c70bcc86adae00d6cf544ac7d0aa17b
matmul,8,8,python,107790,27929159,844f921e886400b752918cb589a968b79c70bcc86adae00d6cf544ac7d0aa17b
k_nucleotide,3,0,baseline,6657295,102692775,18d17323f854b0023571f0ba2e70910f85adcacf0bc9ff5f33f908f38be57363
k_nucleotide,3,0,candidate,5356703,101123818,18d17323f854b0023571f0ba2e70910f85adcacf0bc9ff5f33f908f38be57363
k_nucleotide,3,0,python,27416,27747420,18d17323f854b0023571f0ba2e70910f85adcacf0bc9ff5f33f908f38be57363
k_nucleotide,3,1,python,29212,26660260,18d17323f854b0023571f0ba2e70910f85adcacf0bc9ff5f33f908f38be57363
k_nucleotide,3,1,candidate,5451615,101051579,18d17323f854b0023571f0ba2e70910f85adcacf0bc9ff5f33f908f38be57363
k_nucleotide,3,1,baseline,6656801,103188495,18d17323f854b0023571f0ba2e70910f85adcacf0bc9ff5f33f908f38be57363
k_nucleotide,3,2,baseline,6677003,102607494,18d17323f854b0023571f0ba2e70910f85adcacf0bc9ff5f33f908f38be57363
k_nucleotide,3,2,candidate,5351380,100821223,18d17323f854b0023571f0ba2e70910f85adcacf0bc9ff5f33f908f38be57363
k_nucleotide,3,2,python,31135,27453662,18d17323f854b0023571f0ba2e70910f85adcacf0bc9ff5f33f908f38be57363
k_nucleotide,3,3,python,28163,27078573,18d17323f854b0023571f0ba2e70910f85adcacf0bc9ff5f33f908f38be57363
k_nucleotide,3,3,candidate,5386506,100191869,18d17323f854b0023571f0ba2e70910f85adcacf0bc9ff5f33f908f38be57363
k_nucleotide,3,3,baseline,6527017,101573396,18d17323f854b0023571f0ba2e70910f85adcacf0bc9ff5f33f908f38be57363
k_nucleotide,3,4,baseline,6636399,101219890,18d17323f854b0023571f0ba2e70910f85adcacf0bc9ff5f33f908f38be57363
k_nucleotide,3,4,candidate,5355047,99718672,18d17323f854b0023571f0ba2e70910f85adcacf0bc9ff5f33f908f38be57363
k_nucleotide,3,4,python,27397,27117826,18d17323f854b0023571f0ba2e70910f85adcacf0bc9ff5f33f908f38be57363
k_nucleotide,3,5,python,29057,25978172,18d17323f854b0023571f0ba2e70910f85adcacf0bc9ff5f33f908f38be57363
k_nucleotide,3,5,candidate,5376576,99969942,18d17323f854b0023571f0ba2e70910f85adcacf0bc9ff5f33f908f38be57363
k_nucleotide,3,5,baseline,6624680,101518245,18d17323f854b0023571f0ba2e70910f85adcacf0bc9ff5f33f908f38be57363
k_nucleotide,3,6,baseline,6703604,101269376,18d17323f854b0023571f0ba2e70910f85adcacf0bc9ff5f33f908f38be57363
k_nucleotide,3,6,candidate,5425597,99659176,18d17323f854b0023571f0ba2e70910f85adcacf0bc9ff5f33f908f38be57363
k_nucleotide,3,6,python,30746,27064166,18d17323f854b0023571f0ba2e70910f85adcacf0bc9ff5f33f908f38be57363
k_nucleotide,3,7,python,31475,26261697,18d17323f854b0023571f0ba2e70910f85adcacf0bc9ff5f33f908f38be57363
k_nucleotide,3,7,candidate,5306552,99504745,18d17323f854b0023571f0ba2e70910f85adcacf0bc9ff5f33f908f38be57363
k_nucleotide,3,7,baseline,6569714,100970170,18d17323f854b0023571f0ba2e70910f85adcacf0bc9ff5f33f908f38be57363
k_nucleotide,3,8,baseline,6559490,101265449,18d17323f854b0023571f0ba2e70910f85adcacf0bc9ff5f33f908f38be57363
k_nucleotide,3,8,candidate,5357302,100732616,18d17323f854b0023571f0ba2e70910f85adcacf0bc9ff5f33f908f38be57363
k_nucleotide,3,8,python,29673,27415103,18d17323f854b0023571f0ba2e70910f85adcacf0bc9ff5f33f908f38be57363
k_nucleotide,5,0,baseline,11793534,106558019,d73707ed209cd62dd7398e7c608b8a897379ba92340f9ac3cc977744b656fa78
k_nucleotide,5,0,candidate,9866088,104393198,d73707ed209cd62dd7398e7c608b8a897379ba92340f9ac3cc977744b656fa78
k_nucleotide,5,0,python,47740,27363357,d73707ed209cd62dd7398e7c608b8a897379ba92340f9ac3cc977744b656fa78
k_nucleotide,5,1,python,54392,26216536,d73707ed209cd62dd7398e7c608b8a897379ba92340f9ac3cc977744b656fa78
k_nucleotide,5,1,candidate,10156089,105917037,d73707ed209cd62dd7398e7c608b8a897379ba92340f9ac3cc977744b656fa78
k_nucleotide,5,1,baseline,12205964,110210732,d73707ed209cd62dd7398e7c608b8a897379ba92340f9ac3cc977744b656fa78
k_nucleotide,5,2,baseline,11928595,107341459,d73707ed209cd62dd7398e7c608b8a897379ba92340f9ac3cc977744b656fa78
k_nucleotide,5,2,candidate,10031671,105447101,d73707ed209cd62dd7398e7c608b8a897379ba92340f9ac3cc977744b656fa78
k_nucleotide,5,2,python,46510,28159932,d73707ed209cd62dd7398e7c608b8a897379ba92340f9ac3cc977744b656fa78
k_nucleotide,5,3,python,49489,26952811,d73707ed209cd62dd7398e7c608b8a897379ba92340f9ac3cc977744b656fa78
k_nucleotide,5,3,candidate,10067333,106776246,d73707ed209cd62dd7398e7c608b8a897379ba92340f9ac3cc977744b656fa78
k_nucleotide,5,3,baseline,11893921,108445443,d73707ed209cd62dd7398e7c608b8a897379ba92340f9ac3cc977744b656fa78
k_nucleotide,5,4,baseline,11810976,108572627,d73707ed209cd62dd7398e7c608b8a897379ba92340f9ac3cc977744b656fa78
k_nucleotide,5,4,candidate,9850479,105144802,d73707ed209cd62dd7398e7c608b8a897379ba92340f9ac3cc977744b656fa78
k_nucleotide,5,4,python,45578,27596310,d73707ed209cd62dd7398e7c608b8a897379ba92340f9ac3cc977744b656fa78
k_nucleotide,5,5,python,46661,26650383,d73707ed209cd62dd7398e7c608b8a897379ba92340f9ac3cc977744b656fa78
k_nucleotide,5,5,candidate,9857382,104719948,d73707ed209cd62dd7398e7c608b8a897379ba92340f9ac3cc977744b656fa78
k_nucleotide,5,5,baseline,11819241,107592469,d73707ed209cd62dd7398e7c608b8a897379ba92340f9ac3cc977744b656fa78
k_nucleotide,5,6,baseline,12048272,106921757,d73707ed209cd62dd7398e7c608b8a897379ba92340f9ac3cc977744b656fa78
k_nucleotide,5,6,candidate,9897124,105586948,d73707ed209cd62dd7398e7c608b8a897379ba92340f9ac3cc977744b656fa78
k_nucleotide,5,6,python,50806,27702377,d73707ed209cd62dd7398e7c608b8a897379ba92340f9ac3cc977744b656fa78
k_nucleotide,5,7,python,47135,26549912,d73707ed209cd62dd7398e7c608b8a897379ba92340f9ac3cc977744b656fa78
k_nucleotide,5,7,candidate,9893719,105428124,d73707ed209cd62dd7398e7c608b8a897379ba92340f9ac3cc977744b656fa78
k_nucleotide,5,7,baseline,11837580,107738436,d73707ed209cd62dd7398e7c608b8a897379ba92340f9ac3cc977744b656fa78
k_nucleotide,5,8,baseline,12009109,107720036,d73707ed209cd62dd7398e7c608b8a897379ba92340f9ac3cc977744b656fa78
k_nucleotide,5,8,candidate,9949032,105364098,d73707ed209cd62dd7398e7c608b8a897379ba92340f9ac3cc977744b656fa78
k_nucleotide,5,8,python,45227,27620921,d73707ed209cd62dd7398e7c608b8a897379ba92340f9ac3cc977744b656fa78
k_nucleotide,8,0,baseline,21663772,116574559,9e0cce054f5f95900308290d746fbbac4dc5ea112ff48d7e6f2705cc69a52c68
k_nucleotide,8,0,candidate,18426692,115180331,9e0cce054f5f95900308290d746fbbac4dc5ea112ff48d7e6f2705cc69a52c68
k_nucleotide,8,0,python,70030,28283234,9e0cce054f5f95900308290d746fbbac4dc5ea112ff48d7e6f2705cc69a52c68
k_nucleotide,8,1,python,70394,26985440,9e0cce054f5f95900308290d746fbbac4dc5ea112ff48d7e6f2705cc69a52c68
k_nucleotide,8,1,candidate,18632062,114462176,9e0cce054f5f95900308290d746fbbac4dc5ea112ff48d7e6f2705cc69a52c68
k_nucleotide,8,1,baseline,21129916,115970042,9e0cce054f5f95900308290d746fbbac4dc5ea112ff48d7e6f2705cc69a52c68
k_nucleotide,8,2,baseline,21161865,116072157,9e0cce054f5f95900308290d746fbbac4dc5ea112ff48d7e6f2705cc69a52c68
k_nucleotide,8,2,candidate,18577384,112943550,9e0cce054f5f95900308290d746fbbac4dc5ea112ff48d7e6f2705cc69a52c68
k_nucleotide,8,2,python,79154,27675622,9e0cce054f5f95900308290d746fbbac4dc5ea112ff48d7e6f2705cc69a52c68
k_nucleotide,8,3,python,69841,26267281,9e0cce054f5f95900308290d746fbbac4dc5ea112ff48d7e6f2705cc69a52c68
k_nucleotide,8,3,candidate,18612732,112578504,9e0cce054f5f95900308290d746fbbac4dc5ea112ff48d7e6f2705cc69a52c68
k_nucleotide,8,3,baseline,21320999,116405777,9e0cce054f5f95900308290d746fbbac4dc5ea112ff48d7e6f2705cc69a52c68
k_nucleotide,8,4,baseline,21149625,118008734,9e0cce054f5f95900308290d746fbbac4dc5ea112ff48d7e6f2705cc69a52c68
k_nucleotide,8,4,candidate,18404333,112893074,9e0cce054f5f95900308290d746fbbac4dc5ea112ff48d7e6f2705cc69a52c68
k_nucleotide,8,4,python,69788,27160892,9e0cce054f5f95900308290d746fbbac4dc5ea112ff48d7e6f2705cc69a52c68
k_nucleotide,8,5,python,71218,26341081,9e0cce054f5f95900308290d746fbbac4dc5ea112ff48d7e6f2705cc69a52c68
k_nucleotide,8,5,candidate,18548396,113013618,9e0cce054f5f95900308290d746fbbac4dc5ea112ff48d7e6f2705cc69a52c68
k_nucleotide,8,5,baseline,21638178,116461559,9e0cce054f5f95900308290d746fbbac4dc5ea112ff48d7e6f2705cc69a52c68
k_nucleotide,8,6,baseline,21352717,116354794,9e0cce054f5f95900308290d746fbbac4dc5ea112ff48d7e6f2705cc69a52c68
k_nucleotide,8,6,candidate,18577584,113399155,9e0cce054f5f95900308290d746fbbac4dc5ea112ff48d7e6f2705cc69a52c68
k_nucleotide,8,6,python,69705,27262599,9e0cce054f5f95900308290d746fbbac4dc5ea112ff48d7e6f2705cc69a52c68
k_nucleotide,8,7,python,69183,26489691,9e0cce054f5f95900308290d746fbbac4dc5ea112ff48d7e6f2705cc69a52c68
k_nucleotide,8,7,candidate,18538404,112478531,9e0cce054f5f95900308290d746fbbac4dc5ea112ff48d7e6f2705cc69a52c68
k_nucleotide,8,7,baseline,21297402,116630578,9e0cce054f5f95900308290d746fbbac4dc5ea112ff48d7e6f2705cc69a52c68
k_nucleotide,8,8,baseline,21812965,119300188,9e0cce054f5f95900308290d746fbbac4dc5ea112ff48d7e6f2705cc69a52c68
k_nucleotide,8,8,candidate,18607992,115726943,9e0cce054f5f95900308290d746fbbac4dc5ea112ff48d7e6f2705cc69a52c68
k_nucleotide,8,8,python,71398,27679793,9e0cce054f5f95900308290d746fbbac4dc5ea112ff48d7e6f2705cc69a52c68
